2023-0001,Gabriela,Villanueva,Female,3,BSCE
2025-0001,Rochelle,Mendoza,Female,1,BALCS
2024-0001,Sofia,Sarmiento,Female,2,BSEcE
2025-0002,Robert,Mercado,Male,1,BSA
2023-0002,Therese,Guevarra,Female,3,BSEd-SS
2024-0002,Kenneth,Dizon,Male,2,BSPhys
2024-0003,Lourdes,Dizon,Female,2,BAPS
2025-0003,Angelo,Torres,Male,1,BSME
2024-0004,Juan,Dizon,Male,2,BSCS
2025-0004,Thomas,Guevarra,Male,1,BASoc
2024-0005,Thomas,Cruz,Male,2,BSA
2023-0003,Vanessa,Bautista,Female,3,BSIT
2022-0001,Alejandro,Sarmiento,Male,4,BSIS
2025-0005,Therese,Castillo,Female,1,BSPhys
2025-0006,Jasmine,Ramos,Female,1,BEEd
2024-0006,Angelo,Mendoza,Male,2,BSBA
2022-0002,James,Villanueva,Male,4,BSEntrep
2022-0003,Patricia,Flores,Female,4,BSMath
2025-0007,Patricia,Garcia,Female,1,BSCE
2022-0004,Therese,Cruz,Female,4,BSBio
2022-0005,Gilbert,Ramos,Male,4,BAPsych
2024-0007,Mark,Salvador,Male,2,BSBA-BE
2023-0004,Lourdes,Dela Cruz,Female,3,BSN
2023-0005,Josh,Guevarra,Male,3,BSEE
2022-0006,Josh,Torres,Male,4,BSEd-Eng
2024-0008,Gabriela,Flores,Female,2,BSPhil
2025-0008,Camille,Ramos,Female,1,BSBA
2025-0009,Alejandro,Pascual,Male,1,BSEd-Eng
2023-0006,Alejandro,Villanueva,Male,3,BSCA
2022-0007,Maria,Castillo,Female,4,BEEd
2025-0010,Angela,Mercado,Female,1,BSCE
2022-0008,James,Salvador,Male,4,BSES
2023-0007,James,Guevarra,Male,3,BSIT
2025-0011,Juan,Sarmiento,Male,1,BSPhys
2023-0008,Josh,Castillo,Male,3,BSPhys
2022-0009,Roberto,Cruz,Male,4,BSIS
2024-0009,Robert,Bautista,Male,2,BSMath
2024-0010,Antonio,Dizon,Male,2,BSMetE
2025-0012,Lance,Flores,Male,1,BALCS
2022-0010,Miguel,Mercado,Male,4,BSEd-Eng
2023-0009,Thomas,Torres,Male,3,BPEd
2024-0011,Robert,Santos,Male,2,BSEd-SS
2025-0013,Kenneth,Bautista,Male,1,BAELS
2025-0014,Angela,Garcia,Female,1,BSEd-Sci
2025-0015,Gabriela,Torres,Female,1,BSPhys
2024-0012,Vincent,Cruz,Male,2,BSEd-Sci
2024-0013,Joshua,Perez,Male,2,BPEd
2025-0016,Robert,Ramos,Male,1,BSCS
2024-0014,Kenneth,Mendoza,Male,2,BSEd-SS
2024-0015,Therese,Sarmiento,Female,2,BSEcE
2024-0016,Nicole,Torres,Female,2,BSCA
2025-0017,Sofia,Villanueva,Female,1,BSBA-BE
2022-0011,Gabriela,Ramos,Female,4,BSEd-SS
2023-0010,James,Dizon,Male,3,BSIT
2024-0017,Beatriz,Pascual,Female,2,BSEd-Math
2024-0018,Thomas,Ramos,Male,2,BAHisto
2022-0012,Therese,Dela Cruz,Female,4,BSEd-Math
2025-0018,Thomas,Santos,Male,1,BSN
2025-0019,Clarice,Dizon,Female,1,BSBio
2025-0020,Ana,Cruz,Female,1,BAPS
2025-0021,Therese,Pascual,Female,1,BSPsych
2023-0011,James,Dizon,Male,3,BPEd
2022-0013,Joshua,Guevarra,Male,4,BASoc
2022-0014,Elena,Torres,Female,4,BALCS
2023-0012,Camille,Perez,Female,3,BSMetE
2025-0022,Lourdes,Mendoza,Female,1,BSEd-SS
2025-0023,Christine,Mercado,Female,1,BAHisto
2024-0019,Beatriz,Salvador,Female,2,BSEd-Math
2022-0015,Angela,Mercado,Female,4,BSN
2024-0020,Antonio,Mercado,Male,2,BSCE
2022-0016,Patricia,Mendoza,Female,4,BSEE
2024-0021,Antonio,Mercado,Male,2,BSEd-Math
2022-0017,Antonio,Guevarra,Male,4,BAHisto
2024-0022,Therese,Sarmiento,Female,2,BASoc
2022-0018,Alejandro,Mendoza,Male,4,BSMetE
2023-0013,Beatriz,Aquino,Female,3,BSCS
2025-0024,Jose,Castillo,Male,1,BSME
2023-0014,James,Guevarra,Male,3,BAELS
2022-0019,Patricia,Dizon,Female,4,BEEd
2023-0015,Mark,Torres,Male,3,BSHM
2025-0025,Gilbert,Perez,Male,1,BSEcE
2022-0020,Gabriela,Castillo,Female,4,BSIS
2025-0026,Beatriz,Cruz,Female,1,BSHM
2024-0023,Ana,Santos,Female,2,BSIS
2024-0024,Carlos,Mercado,Male,2,BSCA
2023-0016,Beatriz,Garcia,Female,3,BSEcE
2022-0021,Lourdes,Santos,Female,4,BSIS
2022-0022,Isabella,Dizon,Female,4,BSEd-Fil
2025-0027,Angela,Castillo,Female,1,BSA
2024-0025,John,Ramos,Male,2,BSBio
2023-0017,Gabriela,Dizon,Female,3,BAELS
2024-0026,Joshua,Mercado,Male,2,BSEcE
2022-0023,Lourdes,Salvador,Female,4,BSIT
2024-0027,Thomas,Perez,Male,2,BSE
2022-0024,Kenneth,Bautista,Male,4,BSChem
2025-0028,Karen,Reyes,Female,1,BSA
2025-0029,Ana,Mercado,Female,1,BPEd
2023-0018,Clarice,Villanueva,Female,3,BSN
2023-0019,Roberto,Mendoza,Male,3,BSME
2024-0028,Mark,Sarmiento,Male,2,BSMetE
2022-0025,Kenneth,Santos,Male,4,BSBio
2025-0030,Patricia,Aquino,Female,1,BSCS
2025-0031,Thomas,Bautista,Male,1,BPEd
2023-0020,Maria,Santos,Female,3,BSBA
2024-0029,Elena,Mendoza,Female,2,BSEd-SS
2022-0026,Angela,Pascual,Female,4,BSBio
2025-0032,Camille,Mercado,Female,1,BSPsych
2023-0021,Alejandro,Bautista,Male,3,BSBA-BE
2023-0022,Mark,Aquino,Male,3,BSME
2022-0027,Juan,Reyes,Male,4,BSBA-BE
2022-0028,James,Bautista,Male,4,BSPsych
2022-0029,Beatriz,Perez,Female,4,BSCA
2025-0033,Therese,Dizon,Female,1,BSN
2025-0034,Camille,Mercado,Female,1,BSES
2024-0030,Nicole,Dela Cruz,Female,2,BSES
2024-0031,Patricia,Castillo,Female,2,BSBA-MM
2022-0030,Beatriz,Santos,Female,4,BAELS
2022-0031,Miguel,Garcia,Male,4,BSPhys
2024-0032,Alejandro,Santos,Male,2,BSEd-Sci
2025-0035,Juan,Mercado,Male,1,BSPhil
2024-0033,Gilbert,Torres,Male,2,BSEntrep
2023-0023,Christine,Guevarra,Female,3,BSPhys
2024-0034,John,Dela Cruz,Male,2,BSIS
2023-0024,Rochelle,Salvador,Female,3,BSIT
2024-0035,Joshua,Castillo,Male,2,BSEd-Fil
2023-0025,Thomas,Castillo,Male,3,BSE
2023-0026,Vanessa,Cruz,Female,3,BSIS
2024-0036,Vanessa,Mendoza,Female,2,BSEd-Eng
2023-0027,Camille,Flores,Female,3,BAPsych
2022-0032,Antonio,Pascual,Male,4,BSME
2023-0028,Kenneth,Ramos,Male,3,BAPsych
2024-0037,Gabriela,Ramos,Female,2,BSCS
2023-0029,Camille,Dela Cruz,Female,3,BAPsych
2023-0030,Lourdes,Dizon,Female,3,BSEd-Math
2022-0033,Miguel,Salvador,Male,4,BALCS
2022-0034,Maria,Cruz,Female,4,BPEd
2022-0035,Isabella,Garcia,Female,4,BSME
2022-0036,Vincent,Garcia,Male,4,BAHisto
2022-0037,Jasmine,Castillo,Female,4,BEEd
2022-0038,Joshua,Pascual,Male,4,BSEd-Eng
2024-0038,Camille,Guevarra,Female,2,BSPsych
2022-0039,Alejandro,Cruz,Male,4,BSEE
2022-0040,Antonio,Pascual,Male,4,BSMath
2023-0031,Isabella,Dizon,Female,3,BSES
2025-0036,Antonio,Aquino,Male,1,BSES
2025-0037,Juan,Garcia,Male,1,BSIS
2025-0038,Kenneth,Torres,Male,1,BSCA
2023-0032,Jasmine,Dela Cruz,Female,3,BSCA
2025-0039,Therese,Perez,Female,1,BSEd-Sci
2025-0040,Clarice,Dizon,Female,1,BALCS
2025-0041,Thomas,Villanueva,Male,1,BSPhys
2023-0033,Christine,Torres,Female,3,BSEd-Fil
2022-0041,Ana,Villanueva,Female,4,BSChem
2025-0042,Thomas,Perez,Male,1,BSChem
2025-0043,Roberto,Bautista,Male,1,BSME
2024-0039,Lance,Reyes,Male,2,BSEntrep
2022-0042,Clarice,Dela Cruz,Female,4,BSCA
2022-0043,Isabella,Garcia,Female,4,BEEd
2025-0044,Camille,Pascual,Female,1,BSEcE
2025-0045,Maria,Bautista,Female,1,BSMetE
2025-0046,Maria,Sarmiento,Female,1,BALCS
2022-0044,Kenneth,Dizon,Male,4,BSHM
2025-0047,Patricia,Mendoza,Female,1,BSEd-Eng
2024-0040,Isabella,Guevarra,Female,2,BSN
2025-0048,Nicole,Guevarra,Female,1,BSIS
2022-0045,Josh,Garcia,Male,4,BAHisto
2022-0046,Monica,Dizon,Female,4,BSCE
2024-0041,Gabriela,Mendoza,Female,2,BSEcE
2025-0049,Lance,Torres,Male,1,BEEd
2025-0050,Roberto,Pascual,Male,1,BAPS
2024-0042,Nicole,Garcia,Female,2,BSE
2022-0047,Karen,Salvador,Female,4,BAELS
2024-0043,Therese,Flores,Female,2,BSEE
2022-0048,Therese,Santos,Female,4,BSEE
2025-0051,Lance,Mendoza,Male,1,BSES
2025-0052,Isabella,Pascual,Female,1,BSCE
2023-0034,Gilbert,Guevarra,Male,3,BAHisto
2023-0035,Kenneth,Castillo,Male,3,BSEd-Fil
2022-0049,Patricia,Cruz,Female,4,BSES
2025-0053,Gabriela,Flores,Female,1,BAPS
2022-0050,Carlos,Bautista,Male,4,BSEcE
2025-0054,James,Villanueva,Male,1,BALCS
2023-0036,Carlos,Sarmiento,Male,3,BAHisto
2024-0044,Karen,Reyes,Female,2,BSEE
2022-0051,Alejandro,Pascual,Male,4,BSBA-MM
2024-0045,Mark,Santos,Male,2,BSEd-Eng
2024-0046,Roberto,Dizon,Male,2,BSN
2023-0037,Joshua,Mercado,Male,3,BSEntrep
2023-0038,Angelo,Pascual,Male,3,BASoc
2025-0055,Juan,Dizon,Male,1,BPEd
2025-0056,Therese,Dizon,Female,1,BSBA
2023-0039,Lourdes,Guevarra,Female,3,BSEE
2024-0047,Monica,Bautista,Female,2,BSCS
2025-0057,Vanessa,Salvador,Female,1,BPEd
2023-0040,Isabella,Aquino,Female,3,BSPsych
2022-0052,Jose,Mercado,Male,4,BSPsych
2022-0053,Christine,Ramos,Female,4,BSEcE
2024-0048,Juan,Castillo,Male,2,BAHisto
2025-0058,Miguel,Sarmiento,Male,1,BSBA-MM
2022-0054,Jasmine,Aquino,Female,4,BSMath
2024-0049,Maria,Mercado,Female,2,BAPS
2024-0050,Antonio,Aquino,Male,2,BSBA
2025-0059,Roberto,Dela Cruz,Male,1,BSEd-Fil
2025-0060,Miguel,Pascual,Male,1,BSEcE
2025-0061,James,Mendoza,Male,1,BSMath
2023-0041,Sofia,Bautista,Female,3,BSES
2022-0055,Vincent,Garcia,Male,4,BSHM
2022-0056,Angelo,Santos,Male,4,BSEntrep
2024-0051,Patricia,Aquino,Female,2,BSBA
2024-0052,Gilbert,Salvador,Male,2,BALCS
2025-0062,Lourdes,Torres,Female,1,BSBA-MM
2025-0063,Vincent,Mercado,Male,1,BSBA
2025-0064,Lourdes,Pascual,Female,1,BASoc
2022-0057,James,Mendoza,Male,4,BSIT
2022-0058,Joshua,Salvador,Male,4,BSA
2022-0059,Jasmine,Garcia,Female,4,BSEcE
2023-0042,Robert,Salvador,Male,3,BSME
2023-0043,Maria,Pascual,Female,3,BSEcE
2025-0065,Monica,Sarmiento,Female,1,BSCA
2025-0066,Clarice,Aquino,Female,1,BSBA-BE
2023-0044,Karen,Guevarra,Female,3,BSME
2022-0060,Josh,Garcia,Male,4,BSChem
2022-0061,Miguel,Dela Cruz,Male,4,BSEd-Sci
2024-0053,Camille,Villanueva,Female,2,BSES
2025-0067,Lance,Castillo,Male,1,BEEd
2024-0054,Lance,Dizon,Male,2,BAELS
2025-0068,Miguel,Cruz,Male,1,BSMath
2023-0045,Robert,Mendoza,Male,3,BSEntrep
2022-0062,Antonio,Torres,Male,4,BSEd-Sci
2023-0046,Therese,Guevarra,Female,3,BASoc
2024-0055,Christine,Dizon,Female,2,BSEntrep
2022-0063,Juan,Castillo,Male,4,BSPhil
2024-0056,Therese,Cruz,Female,2,BAPsych
2023-0047,Therese,Torres,Female,3,BAPsych
2024-0057,Ana,Perez,Female,2,BSN
2025-0069,Nicole,Villanueva,Female,1,BSEcE
2025-0070,Roberto,Perez,Male,1,BASoc
2025-0071,John,Torres,Male,1,BSEE
2022-0064,Joshua,Santos,Male,4,BSPsych
2023-0048,Ana,Mercado,Female,3,BSEd-Eng
2022-0065,Roberto,Dela Cruz,Male,4,BSEE
2024-0058,Lance,Torres,Male,2,BSEd-SS
2023-0049,Camille,Cruz,Female,3,BSEd-SS
2025-0072,Patricia,Villanueva,Female,1,BSA
2024-0059,Antonio,Castillo,Male,2,BSBA
2023-0050,Therese,Santos,Female,3,BSEd-SS
2025-0073,Josh,Aquino,Male,1,BSIT
2023-0051,John,Bautista,Male,3,BSHM
2024-0060,Ana,Guevarra,Female,2,BSA
2025-0074,Joshua,Reyes,Male,1,BAHisto
2022-0066,Juan,Cruz,Male,4,BSPhys
2025-0075,Joshua,Salvador,Male,1,BSEd-Math
2025-0076,Mark,Pascual,Male,1,BSHM
2024-0061,Gabriela,Castillo,Female,2,BSEd-SS
2025-0077,John,Sarmiento,Male,1,BAPsych
2025-0078,John,Perez,Male,1,BAPsych
2022-0067,Mark,Garcia,Male,4,BSHM
2024-0062,Isabella,Santos,Female,2,BSE
2025-0079,Ana,Cruz,Female,1,BSBA-BE
2022-0068,Isabella,Castillo,Female,4,BSEd-Math
2024-0063,Robert,Aquino,Male,2,BAHisto
2024-0064,Lance,Perez,Male,2,BAHisto
2025-0080,Jose,Aquino,Male,1,BEEd
2025-0081,Maria,Flores,Female,1,BSEd-Fil
2025-0082,James,Castillo,Male,1,BSEd-SS
2025-0083,Ana,Reyes,Female,1,BSE
2024-0065,Nicole,Garcia,Female,2,BSCE
2023-0052,Juan,Reyes,Male,3,BSA
2024-0066,Monica,Pascual,Female,2,BSCE
2025-0084,Isabella,Ramos,Female,1,BSCE
2024-0067,Miguel,Cruz,Male,2,BASoc
2024-0068,Patricia,Aquino,Female,2,BAHisto
2022-0069,Rochelle,Dizon,Female,4,BALCS
2022-0070,James,Cruz,Male,4,BSChem
2023-0053,Ana,Reyes,Female,3,BSCE
2023-0054,Lourdes,Torres,Female,3,BSEcE
2023-0055,Lourdes,Pascual,Female,3,BSPhys
2024-0069,Camille,Castillo,Female,2,BSEd-SS
2022-0071,Monica,Guevarra,Female,4,BALCS
2023-0056,Mark,Reyes,Male,3,BSPhil
2024-0070,Karen,Dizon,Female,2,BSBA-MM
2024-0071,Therese,Pascual,Female,2,BSE
2023-0057,Roberto,Ramos,Male,3,BSEd-Fil
2025-0085,Monica,Villanueva,Female,1,BSIS
2025-0086,John,Dela Cruz,Male,1,BSEd-Math
2023-0058,Miguel,Mendoza,Male,3,BAHisto
2024-0072,Therese,Bautista,Female,2,BSEcE
2023-0059,Therese,Dizon,Female,3,BSEd-Fil
2023-0060,Karen,Mendoza,Female,3,BSEd-Fil
2024-0073,Carlos,Aquino,Male,2,BSEd-SS
2022-0072,Elena,Ramos,Female,4,BSBA-MM
2023-0061,Patricia,Cruz,Female,3,BSCS
2025-0087,Kenneth,Perez,Male,1,BSE
2025-0088,John,Sarmiento,Male,1,BSPhys
2022-0073,Maria,Garcia,Female,4,BSE
2022-0074,Mark,Bautista,Male,4,BSEcE
2025-0089,Gilbert,Pascual,Male,1,BSMath
2024-0074,Jose,Mercado,Male,2,BSIT
2022-0075,Gilbert,Dizon,Male,4,BSEcE
2025-0090,James,Guevarra,Male,1,BAHisto
2024-0075,Maria,Garcia,Female,2,BAPS
2025-0091,Rochelle,Villanueva,Female,1,BSEcE
2024-0076,Angelo,Bautista,Male,2,BSEd-Sci
2023-0062,Alejandro,Villanueva,Male,3,BSHM
2023-0063,Nicole,Garcia,Female,3,BSEd-Fil
2025-0092,Alejandro,Dela Cruz,Male,1,BSEd-SS
2022-0076,Angela,Dizon,Female,4,BSPhys
2024-0077,Lourdes,Ramos,Female,2,BSIS
2024-0078,Carlos,Bautista,Male,2,BSEcE
2023-0064,Karen,Mendoza,Female,3,BSN
2022-0077,Thomas,Cruz,Male,4,BSChem
2023-0065,Lourdes,Dizon,Female,3,BSEd-Math
2025-0093,Gabriela,Salvador,Female,1,BSChem
2023-0066,Josh,Dizon,Male,3,BSBA
2022-0078,Lance,Dizon,Male,4,BSChem
2025-0094,Angela,Dizon,Female,1,BSMetE
2023-0067,Kenneth,Dela Cruz,Male,3,BSChem
2022-0079,Roberto,Dizon,Male,4,BSE
2025-0095,Kenneth,Dela Cruz,Male,1,BAPsych
2024-0079,James,Guevarra,Male,2,BSES
2025-0096,Antonio,Cruz,Male,1,BSEd-SS
2025-0097,Jose,Pascual,Male,1,BSHM
2024-0080,Beatriz,Santos,Female,2,BSMetE
2024-0081,Rochelle,Ramos,Female,2,BSBA
2023-0068,Gilbert,Pascual,Male,3,BSEd-Math
2025-0098,Miguel,Reyes,Male,1,BAHisto
2025-0099,Therese,Villanueva,Female,1,BSCS
2022-0080,Gabriela,Aquino,Female,4,BSMath
2025-0100,Jose,Aquino,Male,1,BSPsych
2023-0069,James,Santos,Male,3,BSEd-SS
2022-0081,Robert,Aquino,Male,4,BAPsych
2022-0082,Angelo,Dizon,Male,4,BSPhys
2023-0070,Monica,Bautista,Female,3,BPEd
2022-0083,Miguel,Santos,Male,4,BSE
2023-0071,Therese,Dizon,Female,3,BSHM
2022-0084,James,Guevarra,Male,4,BASoc
2024-0082,Vincent,Garcia,Male,2,BAELS
2025-0101,Ana,Aquino,Female,1,BEEd
2025-0102,Gilbert,Ramos,Male,1,BSEd-Fil
2025-0103,Jasmine,Aquino,Female,1,BSEcE
2024-0083,Maria,Mercado,Female,2,BSN
2022-0085,Therese,Dizon,Female,4,BSChem
2025-0104,Robert,Torres,Male,1,BSEntrep
2022-0086,Vanessa,Bautista,Female,4,BSHM
2023-0072,Roberto,Reyes,Male,3,BSME
2022-0087,Gabriela,Mercado,Female,4,BSEcE
2024-0084,Angelo,Flores,Male,2,BSCE
2024-0085,Christine,Sarmiento,Female,2,BEEd
2024-0086,Lance,Ramos,Male,2,BSEd-Math
2023-0073,Sofia,Castillo,Female,3,BSA
2023-0074,Lourdes,Mercado,Female,3,BSEntrep
2022-0088,Jose,Garcia,Male,4,BSEntrep
2024-0087,Rochelle,Sarmiento,Female,2,BAELS
2023-0075,Beatriz,Castillo,Female,3,BSEd-Math
2022-0089,Christine,Santos,Female,4,BSEcE
2024-0088,Kenneth,Ramos,Male,2,BSCA
2023-0076,Isabella,Pascual,Female,3,BSEcE
2025-0105,Lance,Mendoza,Male,1,BSEntrep
2022-0090,Karen,Mercado,Female,4,BSMath
2025-0106,Patricia,Reyes,Female,1,BSCS
2024-0089,Patricia,Mendoza,Female,2,BSIS
2022-0091,Ana,Dizon,Female,4,BSEcE
2022-0092,Camille,Dela Cruz,Female,4,BSA
2024-0090,Gilbert,Bautista,Male,2,BSBio
2025-0107,Carlos,Cruz,Male,1,BSEd-Eng
2025-0108,Roberto,Guevarra,Male,1,BSPsych
2024-0091,Jose,Salvador,Male,2,BSE
2023-0077,Thomas,Flores,Male,3,BSBA-MM
2023-0078,Carlos,Cruz,Male,3,BSMath
2023-0079,Elena,Castillo,Female,3,BSE
2024-0092,Beatriz,Villanueva,Female,2,BSEcE
2023-0080,Monica,Salvador,Female,3,BSCS
2025-0109,Elena,Santos,Female,1,BSEntrep
2025-0110,Antonio,Cruz,Male,1,BAHisto
2024-0093,Camille,Villanueva,Female,2,BSES
2024-0094,Therese,Aquino,Female,2,BSCS
2025-0111,Angelo,Torres,Male,1,BEEd
2023-0081,Clarice,Aquino,Female,3,BSEd-Fil
2023-0082,Clarice,Aquino,Female,3,BSPhil
2025-0112,Nicole,Flores,Female,1,BSPsych
2024-0095,Jasmine,Dizon,Female,2,BSPhil
2022-0093,Ana,Pascual,Female,4,BSCA
2025-0113,Lourdes,Dizon,Female,1,BSME
2025-0114,Camille,Mercado,Female,1,BSEcE
2023-0083,Elena,Garcia,Female,3,BSEd-Eng
2023-0084,Rochelle,Dizon,Female,3,BSBA
2022-0094,Joshua,Castillo,Male,4,BSPhil
2022-0095,Isabella,Dela Cruz,Female,4,BSES
2025-0115,Mark,Ramos,Male,1,BSPhil
2023-0085,Antonio,Aquino,Male,3,BAHisto
2025-0116,Thomas,Aquino,Male,1,BSHM
2024-0096,Jose,Bautista,Male,2,BSBA-MM
2023-0086,Maria,Reyes,Female,3,BPEd
2024-0097,Beatriz,Torres,Female,2,BSEntrep
2024-0098,Karen,Mercado,Female,2,BSBA-BE
2025-0117,John,Pascual,Male,1,BSCA
2024-0099,Therese,Castillo,Female,2,BSEd-Eng
2024-0100,Nicole,Dizon,Female,2,BSME
2025-0118,Lourdes,Aquino,Female,1,BSBio
2025-0119,Carlos,Cruz,Male,1,BSCS
2023-0087,Lourdes,Perez,Female,3,BSPsych
2023-0088,Jose,Castillo,Male,3,BAELS
2023-0089,Beatriz,Guevarra,Female,3,BSPhys
2024-0101,Alejandro,Dela Cruz,Male,2,BSEE
2022-0096,Jose,Dizon,Male,4,BSES
2023-0090,Carlos,Bautista,Male,3,BSEntrep
2025-0120,Elena,Dizon,Female,1,BSBA
2022-0097,Nicole,Sarmiento,Female,4,BSCA
2024-0102,Ana,Castillo,Female,2,BSCE
2022-0098,Lance,Villanueva,Male,4,BSIS
2024-0103,Therese,Garcia,Female,2,BSA
2022-0099,Joshua,Flores,Male,4,BAHisto
2024-0104,Thomas,Villanueva,Male,2,BSIS
2022-0100,Jose,Pascual,Male,4,BSEd-Sci
2022-0101,John,Dela Cruz,Male,4,BSN
2022-0102,Jasmine,Bautista,Female,4,BSPhil
2022-0103,Christine,Mendoza,Female,4,BSEcE
2024-0105,Lance,Ramos,Male,2,BALCS
2024-0106,James,Mendoza,Male,2,BSEntrep
2024-0107,Camille,Aquino,Female,2,BSEd-Fil
2022-0104,Monica,Guevarra,Female,4,BSES
2024-0108,Robert,Perez,Male,2,BSME
2023-0091,Miguel,Castillo,Male,3,BSChem
2023-0092,Carlos,Ramos,Male,3,BSEE
2022-0105,Camille,Castillo,Female,4,BSEcE
2023-0093,Christine,Garcia,Female,3,BSPhil
2022-0106,Elena,Mercado,Female,4,BSIS
2024-0109,Alejandro,Dizon,Male,2,BAELS
2022-0107,Kenneth,Castillo,Male,4,BSBA-MM
2025-0121,Sofia,Reyes,Female,1,BPEd
2025-0122,Vanessa,Castillo,Female,1,BSEd-Fil
2023-0094,Isabella,Perez,Female,3,BAELS
2022-0108,Beatriz,Santos,Female,4,BEEd
2022-0109,Lourdes,Villanueva,Female,4,BSEd-Sci
2024-0110,Lance,Torres,Male,2,BSCA
2025-0123,Thomas,Pascual,Male,1,BSPsych
2024-0111,Patricia,Mercado,Female,2,BSEd-Fil
2025-0124,James,Dizon,Male,1,BSCS
2025-0125,John,Dela Cruz,Male,1,BSEntrep
2023-0095,Rochelle,Dizon,Female,3,BSEcE
2025-0126,Angela,Dela Cruz,Female,1,BAELS
2024-0112,Isabella,Bautista,Female,2,BSPsych
2023-0096,Miguel,Aquino,Male,3,BSIT
2025-0127,Therese,Dela Cruz,Female,1,BSES
2024-0113,Lance,Pascual,Male,2,BSBA-BE
2023-0097,Lance,Castillo,Male,3,BSIS
2022-0110,Miguel,Torres,Male,4,BSEntrep
2024-0114,James,Perez,Male,2,BSCS
2022-0111,Patricia,Santos,Female,4,BSIT
2023-0098,Nicole,Guevarra,Female,3,BSIT
2025-0128,Lance,Dizon,Male,1,BSHM
2024-0115,Angela,Guevarra,Female,2,BSCA
2023-0099,Antonio,Dela Cruz,Male,3,BSE
2024-0116,Vincent,Bautista,Male,2,BSPhys
2022-0112,Maria,Mendoza,Female,4,BALCS
2022-0113,Angela,Dizon,Female,4,BAHisto
2025-0129,Sofia,Garcia,Female,1,BSES
2023-0100,Patricia,Mendoza,Female,3,BSIT
2022-0114,Thomas,Guevarra,Male,4,BEEd
2022-0115,Christine,Santos,Female,4,BSCA
2024-0117,Sofia,Aquino,Female,2,BSPhys
2025-0130,Mark,Ramos,Male,1,BSPsych
2023-0101,Jose,Castillo,Male,3,BSN
2024-0118,James,Castillo,Male,2,BSPhil
2023-0102,Thomas,Cruz,Male,3,BSPhys
2024-0119,Rochelle,Guevarra,Female,2,BALCS
2024-0120,Joshua,Santos,Male,2,BSEd-Fil
2024-0121,Maria,Reyes,Female,2,BSBA
2023-0103,Angelo,Aquino,Male,3,BAELS
2022-0116,Miguel,Aquino,Male,4,BSEcE
2024-0122,Clarice,Pascual,Female,2,BSBA-MM
2022-0117,Thomas,Dizon,Male,4,BSBA-MM
2023-0104,Nicole,Garcia,Female,3,BPEd
2023-0105,Mark,Garcia,Male,3,BSEd-Math
2023-0106,Gilbert,Guevarra,Male,3,BSBA-MM
2022-0118,Kenneth,Villanueva,Male,4,BAHisto
2024-0123,Therese,Santos,Female,2,BSBA-MM
2025-0131,Sofia,Guevarra,Female,1,BAELS
2025-0132,Roberto,Mendoza,Male,1,BALCS
2024-0124,Ana,Sarmiento,Female,2,BSMath
2024-0125,Josh,Sarmiento,Male,2,BSE
2024-0126,Karen,Castillo,Female,2,BSIS
2023-0107,Rochelle,Cruz,Female,3,BSChem
2025-0133,Clarice,Mendoza,Female,1,BSA
2024-0127,Gilbert,Salvador,Male,2,BSIS
2023-0108,Sofia,Reyes,Female,3,BSEd-SS
2025-0134,James,Reyes,Male,1,BSChem
2024-0128,Miguel,Dela Cruz,Male,2,BSPhys
2024-0129,Carlos,Santos,Male,2,BAHisto
2025-0135,Sofia,Guevarra,Female,1,BASoc
2025-0136,Patricia,Mercado,Female,1,BSEd-Sci
2023-0109,Christine,Flores,Female,3,BSHM
2022-0119,Joshua,Pascual,Male,4,BSE
2023-0110,Lance,Pascual,Male,3,BSME
2025-0137,Angelo,Villanueva,Male,1,BSCS
2025-0138,Roberto,Santos,Male,1,BSEd-SS
2023-0111,James,Aquino,Male,3,BAHisto
2025-0139,Isabella,Pascual,Female,1,BSEd-Sci
2024-0130,Antonio,Mendoza,Male,2,BSE
2023-0112,Sofia,Dela Cruz,Female,3,BSEE
2024-0131,Rochelle,Dela Cruz,Female,2,BSMath
2023-0113,James,Dizon,Male,3,BPEd
2024-0132,Karen,Reyes,Female,2,BSN
2024-0133,Karen,Sarmiento,Female,2,BSEd-Eng
2022-0120,Thomas,Cruz,Male,4,BPEd
2024-0134,Jose,Castillo,Male,2,BSChem
2025-0140,Maria,Dizon,Female,1,BSCA
2022-0121,Maria,Dela Cruz,Female,4,BSEcE
2025-0141,Clarice,Mendoza,Female,1,BSEd-Sci
2025-0142,Juan,Dela Cruz,Male,1,BSN
2025-0143,Maria,Perez,Female,1,BSEcE
2024-0135,Therese,Dizon,Female,2,BASoc
2023-0114,Jose,Cruz,Male,3,BSHM
2024-0136,Christine,Dizon,Female,2,BSEd-Sci
2024-0137,Robert,Salvador,Male,2,BALCS
2023-0115,Lance,Garcia,Male,3,BSEd-Sci
2022-0122,Thomas,Bautista,Male,4,BSPhys
2024-0138,Thomas,Dela Cruz,Male,2,BSMetE
2025-0144,Vanessa,Mendoza,Female,1,BSBA-BE
2025-0145,Christine,Cruz,Female,1,BPEd
2024-0139,Angelo,Dela Cruz,Male,2,BSEd-Sci
2022-0123,Nicole,Aquino,Female,4,BSE
2024-0140,Sofia,Bautista,Female,2,BSHM
2022-0124,Therese,Torres,Female,4,BSPsych
2024-0141,Kenneth,Dizon,Male,2,BSN
2025-0146,Gabriela,Castillo,Female,1,BSEntrep
2024-0142,Robert,Castillo,Male,2,BSCE
2025-0147,Jose,Torres,Male,1,BASoc
2025-0148,James,Ramos,Male,1,BAPS
2023-0116,Josh,Dizon,Male,3,BAELS
2024-0143,Vincent,Cruz,Male,2,BSHM
2022-0125,Carlos,Flores,Male,4,BSBA-MM
2025-0149,Mark,Sarmiento,Male,1,BSEd-SS
2024-0144,Ana,Aquino,Female,2,BAHisto
2022-0126,John,Ramos,Male,4,BSPhil
2022-0127,James,Villanueva,Male,4,BASoc
2025-0150,Maria,Villanueva,Female,1,BSMath
2024-0145,Angela,Dizon,Female,2,BSA
2024-0146,Clarice,Dela Cruz,Female,2,BPEd
2023-0117,Isabella,Mercado,Female,3,BSEd-Sci
2024-0147,Elena,Sarmiento,Female,2,BAELS
2022-0128,Therese,Dizon,Female,4,BSPhys
2024-0148,Vanessa,Salvador,Female,2,BSMath
2023-0118,Joshua,Bautista,Male,3,BAHisto
2024-0149,Antonio,Pascual,Male,2,BSBA-MM
2022-0129,Rochelle,Dizon,Female,4,BSMath
2024-0150,Joshua,Dizon,Male,2,BAELS
2022-0130,Therese,Salvador,Female,4,BSPsych
2024-0151,Christine,Salvador,Female,2,BSMetE
2024-0152,Robert,Dela Cruz,Male,2,BSEcE
2023-0119,Kenneth,Bautista,Male,3,BSIT
2023-0120,Nicole,Cruz,Female,3,BAELS
2023-0121,Juan,Villanueva,Male,3,BSEd-Eng
2024-0153,Clarice,Dizon,Female,2,BAPsych
2022-0131,Sofia,Salvador,Female,4,BAHisto
2025-0151,Miguel,Castillo,Male,1,BSEE
2024-0154,Angela,Ramos,Female,2,BSChem
2022-0132,Jasmine,Bautista,Female,4,BSChem
2024-0155,Lourdes,Dizon,Female,2,BEEd
2024-0156,Miguel,Dizon,Male,2,BSN
2022-0133,Lance,Cruz,Male,4,BSPhil
2024-0157,Camille,Reyes,Female,2,BAHisto
2023-0122,Maria,Villanueva,Female,3,BSEd-Math
2022-0134,Antonio,Bautista,Male,4,BSEd-Math
2024-0158,Angela,Dela Cruz,Female,2,BSEd-Math
2023-0123,Nicole,Aquino,Female,3,BSChem
2022-0135,Vincent,Dizon,Male,4,BASoc
2024-0159,Isabella,Villanueva,Female,2,BSEd-Sci
2024-0160,James,Sarmiento,Male,2,BSEd-Fil
2022-0136,Monica,Bautista,Female,4,BSBA-MM
2022-0137,Juan,Sarmiento,Male,4,BSMetE
2023-0124,Antonio,Santos,Male,3,BSMath
2025-0152,Lourdes,Dizon,Female,1,BSBA-MM
2025-0153,Angela,Guevarra,Female,1,BSEd-Eng
2023-0125,Miguel,Bautista,Male,3,BSEd-Sci
2022-0138,Camille,Dizon,Female,4,BSPsych
2022-0139,Ana,Villanueva,Female,4,BALCS
2022-0140,Antonio,Garcia,Male,4,BSEd-Sci
2024-0161,Monica,Reyes,Female,2,BSChem
2025-0154,Angelo,Dela Cruz,Male,1,BSEd-Math
2025-0155,Christine,Reyes,Female,1,BEEd
2022-0141,Monica,Dizon,Female,4,BAPS
2025-0156,Rochelle,Mercado,Female,1,BSCS
2023-0126,Carlos,Dizon,Male,3,BSChem
2022-0142,Gabriela,Santos,Female,4,BAHisto
2024-0162,Angela,Flores,Female,2,BSEd-SS
2022-0143,Robert,Perez,Male,4,BSPsych
2022-0144,Camille,Sarmiento,Female,4,BSEntrep
2023-0127,Gabriela,Cruz,Female,3,BSBA-BE
2023-0128,Thomas,Mendoza,Male,3,BSBA-MM
2022-0145,Vincent,Santos,Male,4,BSPhil
2023-0129,Maria,Ramos,Female,3,BSN
2024-0163,Patricia,Dizon,Female,2,BSEd-SS
2025-0157,Christine,Mercado,Female,1,BAPsych
2023-0130,Alejandro,Castillo,Male,3,BAPS
2022-0146,Nicole,Cruz,Female,4,BSEE
2023-0131,Thomas,Mercado,Male,3,BASoc
2025-0158,Joshua,Torres,Male,1,BSEcE
2024-0164,Josh,Ramos,Male,2,BSCS
2024-0165,Monica,Torres,Female,2,BSIT
2025-0159,Nicole,Mendoza,Female,1,BSHM
2025-0160,Therese,Guevarra,Female,1,BSPhys
2023-0132,Lourdes,Perez,Female,3,BSME
2024-0166,Therese,Mendoza,Female,2,BSEcE
2022-0147,Kenneth,Sarmiento,Male,4,BAELS
2024-0167,Jose,Garcia,Male,2,BSBA
2023-0133,Therese,Dela Cruz,Female,3,BSEd-Fil
2023-0134,Therese,Dela Cruz,Female,3,BASoc
2022-0148,Nicole,Aquino,Female,4,BSEcE
2025-0161,Joshua,Dizon,Male,1,BSChem
2024-0168,Beatriz,Flores,Female,2,BSIS
2023-0135,Gilbert,Cruz,Male,3,BPEd
2022-0149,Kenneth,Dizon,Male,4,BAPsych
2023-0136,Juan,Perez,Male,3,BASoc
2025-0162,Therese,Castillo,Female,1,BSPhys
2024-0169,Jose,Salvador,Male,2,BSE
2025-0163,Kenneth,Mendoza,Male,1,BSBA-BE
2022-0150,Ana,Dizon,Female,4,BSEd-Eng
2022-0151,Jose,Dizon,Male,4,BSPhil
2023-0137,Elena,Santos,Female,3,BSIT
2022-0152,Ana,Mercado,Female,4,BSIS
2024-0170,Elena,Ramos,Female,2,BSEcE
2022-0153,Mark,Salvador,Male,4,BSBA-BE
2024-0171,Vincent,Guevarra,Male,2,BSEcE
2023-0138,Jose,Guevarra,Male,3,BSBio
2024-0172,Elena,Sarmiento,Female,2,BSMetE
2023-0139,James,Mercado,Male,3,BPEd
2022-0154,Elena,Torres,Female,4,BSN
2022-0155,Therese,Mercado,Female,4,BSIT
2025-0164,John,Dizon,Male,1,BSEcE
2024-0173,Isabella,Bautista,Female,2,BAPS
2023-0140,James,Salvador,Male,3,BSCS
2022-0156,Angelo,Ramos,Male,4,BALCS
2022-0157,Therese,Cruz,Female,4,BAPS
2023-0141,Carlos,Bautista,Male,3,BEEd
2025-0165,Roberto,Garcia,Male,1,BPEd
2025-0166,Vanessa,Salvador,Female,1,BSA
2023-0142,Beatriz,Flores,Female,3,BSPhil
2022-0158,Monica,Castillo,Female,4,BSEntrep
2022-0159,Josh,Garcia,Male,4,BSBA-BE
2023-0143,Maria,Dela Cruz,Female,3,BSCA
2022-0160,Thomas,Aquino,Male,4,BSE
2022-0161,Therese,Flores,Female,4,BSEd-Sci
2025-0167,Vincent,Santos,Male,1,BSPsych
2025-0168,Isabella,Santos,Female,1,BSEd-Sci
2025-0169,Gabriela,Dizon,Female,1,BSEd-SS
2022-0162,Elena,Mercado,Female,4,BSEd-Math
2023-0144,Lance,Salvador,Male,3,BSME
2024-0174,Mark,Aquino,Male,2,BEEd
2023-0145,Alejandro,Flores,Male,3,BAELS
2024-0175,Camille,Salvador,Female,2,BEEd
2024-0176,Sofia,Cruz,Female,2,BSBA-BE
2024-0177,Isabella,Reyes,Female,2,BAELS
2025-0170,John,Perez,Male,1,BSIS
2024-0178,Antonio,Pascual,Male,2,BSES
2024-0179,Joshua,Garcia,Male,2,BSMath
2022-0163,Jasmine,Reyes,Female,4,BSHM
2022-0164,John,Salvador,Male,4,BSE
2025-0171,Miguel,Castillo,Male,1,BAELS
2025-0172,Monica,Reyes,Female,1,BSEd-Math
2024-0180,Lance,Bautista,Male,2,BSPhil
2023-0146,Christine,Salvador,Female,3,BSN
2024-0181,Jose,Cruz,Male,2,BSBA-MM
2025-0173,John,Reyes,Male,1,BAPS
2025-0174,Antonio,Santos,Male,1,BSBA-MM
2025-0175,Angela,Guevarra,Female,1,BPEd
2023-0147,Maria,Perez,Female,3,BSCS
2025-0176,Angela,Guevarra,Female,1,BSEE
2023-0148,Monica,Dizon,Female,3,BSA
2024-0182,Nicole,Santos,Female,2,BSES
2022-0165,Thomas,Mendoza,Male,4,BSBA
2024-0183,Carlos,Mercado,Male,2,BSIS
2025-0177,Thomas,Cruz,Male,1,BSBA
2025-0178,Antonio,Dela Cruz,Male,1,BSME
2022-0166,Alejandro,Torres,Male,4,BSEd-Sci
2023-0149,Alejandro,Guevarra,Male,3,BSCA
2023-0150,Christine,Aquino,Female,3,BSHM
2022-0167,Rochelle,Dizon,Female,4,BSEE
2025-0179,Alejandro,Mercado,Male,1,BSEE
2023-0151,James,Mendoza,Male,3,BSPsych
2022-0168,Kenneth,Perez,Male,4,BSEd-Math
2024-0184,Vanessa,Santos,Female,2,BSCA
2023-0152,Elena,Santos,Female,3,BSEd-Math
2024-0185,Roberto,Dela Cruz,Male,2,BSPsych
2022-0169,Sofia,Pascual,Female,4,BEEd
2024-0186,Joshua,Ramos,Male,2,BSN
2023-0153,Miguel,Bautista,Male,3,BSCE
2023-0154,Camille,Cruz,Female,3,BEEd
2024-0187,Robert,Torres,Male,2,BSEcE
2025-0180,Beatriz,Mercado,Female,1,BAPsych
2024-0188,Roberto,Cruz,Male,2,BSEd-Sci
2023-0155,Angela,Torres,Female,3,BSBA-BE
2024-0189,Gabriela,Guevarra,Female,2,BEEd
2025-0181,James,Perez,Male,1,BSME
2023-0156,Robert,Cruz,Male,3,BSPhil
2023-0157,Gilbert,Aquino,Male,3,BSEntrep
2023-0158,Antonio,Reyes,Male,3,BSE
2022-0170,Jasmine,Perez,Female,4,BSIS
2022-0171,Gilbert,Castillo,Male,4,BSChem
2022-0172,Joshua,Ramos,Male,4,BSE
2022-0173,Miguel,Reyes,Male,4,BSMath
2022-0174,Camille,Cruz,Female,4,BAPsych
2025-0182,Miguel,Guevarra,Male,1,BSBA
2024-0190,Josh,Mendoza,Male,2,BASoc
2023-0159,Antonio,Bautista,Male,3,BSCE
2025-0183,Gilbert,Guevarra,Male,1,BASoc
2022-0175,Therese,Dela Cruz,Female,4,BSME
2022-0176,Patricia,Salvador,Female,4,BSEd-SS
2024-0191,Christine,Flores,Female,2,BSIT
2025-0184,Therese,Aquino,Female,1,BSBA
2023-0160,Joshua,Guevarra,Male,3,BSEd-SS
2024-0192,Alejandro,Guevarra,Male,2,BSES
2023-0161,John,Salvador,Male,3,BSBA-BE
2022-0177,Vanessa,Aquino,Female,4,BAPsych
2022-0178,Christine,Reyes,Female,4,BSE
2025-0185,John,Guevarra,Male,1,BSPhys
2024-0193,Carlos,Mendoza,Male,2,BSEd-Sci
2024-0194,Mark,Santos,Male,2,BSEd-Fil
2024-0195,Antonio,Dela Cruz,Male,2,BSIS
2023-0162,Clarice,Sarmiento,Female,3,BSMetE
2023-0163,Angelo,Garcia,Male,3,BSBA-MM
2022-0179,Lourdes,Salvador,Female,4,BSBA-BE
2023-0164,Beatriz,Castillo,Female,3,BSEd-SS
2024-0196,Rochelle,Flores,Female,2,BASoc
2022-0180,Monica,Bautista,Female,4,BSBA-BE
2022-0181,Roberto,Dizon,Male,4,BSMath
2024-0197,Gabriela,Mercado,Female,2,BSMath
2022-0182,Robert,Ramos,Male,4,BSPsych
2022-0183,Ana,Dizon,Female,4,BSES
2024-0198,Angelo,Mendoza,Male,2,BSME
2023-0165,Vanessa,Garcia,Female,3,BSEcE
2024-0199,Therese,Dizon,Female,2,BPEd
2024-0200,Carlos,Garcia,Male,2,BSBio
2022-0184,Therese,Garcia,Female,4,BSEd-Sci
2022-0185,Roberto,Bautista,Male,4,BSMath
2022-0186,Clarice,Guevarra,Female,4,BAPsych
2024-0201,Antonio,Dizon,Male,2,BSEcE
2025-0186,Angela,Garcia,Female,1,BSEcE
2023-0166,Thomas,Dizon,Male,3,BSEcE
2025-0187,Gabriela,Torres,Female,1,BAELS
2022-0187,Therese,Aquino,Female,4,BSPsych
2023-0167,Beatriz,Dela Cruz,Female,3,BPEd
2024-0202,Kenneth,Torres,Male,2,BAPS
2024-0203,Patricia,Flores,Female,2,BSCA
2023-0168,Antonio,Ramos,Male,3,BASoc
2022-0188,Gabriela,Ramos,Female,4,BSME
2023-0169,Elena,Dizon,Female,3,BSEd-Math
2024-0204,Kenneth,Castillo,Male,2,BPEd
2024-0205,Elena,Dizon,Female,2,BAHisto
2024-0206,Mark,Reyes,Male,2,BSEd-Math
2023-0170,Kenneth,Perez,Male,3,BSEd-Math
2022-0189,Beatriz,Dela Cruz,Female,4,BSMetE
2023-0171,Christine,Ramos,Female,3,BSE
2022-0190,John,Guevarra,Male,4,BSN
2024-0207,Robert,Cruz,Male,2,BAHisto
2025-0188,Angelo,Dizon,Male,1,BSA
2024-0208,Monica,Pascual,Female,2,BSEd-Eng
2023-0172,Lance,Guevarra,Male,3,BSCA
2024-0209,Lourdes,Salvador,Female,2,BSCE
2025-0189,Maria,Castillo,Female,1,BSPhil
2023-0173,Therese,Villanueva,Female,3,BSEcE
2025-0190,Lourdes,Castillo,Female,1,BSN
2022-0191,Angela,Salvador,Female,4,BSChem
2024-0210,Vincent,Santos,Male,2,BAHisto
2024-0211,Rochelle,Perez,Female,2,BSChem
2025-0191,Elena,Torres,Female,1,BSIT
2022-0192,Vanessa,Cruz,Female,4,BAPsych
2024-0212,Angelo,Sarmiento,Male,2,BSBA-BE
2025-0192,John,Aquino,Male,1,BSEd-Eng
2023-0174,Camille,Mercado,Female,3,BSIS
2022-0193,Josh,Perez,Male,4,BALCS
2022-0194,Therese,Cruz,Female,4,BSPhil
2022-0195,Isabella,Dizon,Female,4,BALCS
2022-0196,Jose,Garcia,Male,4,BSBA
2025-0193,Isabella,Santos,Female,1,BSBA
2022-0197,Thomas,Reyes,Male,4,BSHM
2022-0198,Kenneth,Mendoza,Male,4,BSBA-MM
2022-0199,Angelo,Pascual,Male,4,BALCS
2025-0194,Angelo,Salvador,Male,1,BSMath
2022-0200,Therese,Perez,Female,4,BSEd-Eng
2025-0195,Alejandro,Perez,Male,1,BSEd-Fil
2022-0201,Elena,Guevarra,Female,4,BSEd-Math
2022-0202,Nicole,Bautista,Female,4,BSEd-Fil
2023-0175,Clarice,Mercado,Female,3,BSEcE
2024-0213,Gilbert,Garcia,Male,2,BSBio
2024-0214,Therese,Flores,Female,2,BSBA-BE
2022-0203,James,Castillo,Male,4,BSIS
2025-0196,Jasmine,Mercado,Female,1,BSHM
2022-0204,Maria,Dizon,Female,4,BSBA
2024-0215,Vincent,Villanueva,Male,2,BALCS
2023-0176,Roberto,Perez,Male,3,BSChem
2025-0197,Roberto,Santos,Male,1,BSEntrep
2025-0198,Angela,Bautista,Female,1,BSEcE
2022-0205,Lance,Santos,Male,4,BSBA
2022-0206,Carlos,Flores,Male,4,BSChem
2022-0207,Patricia,Cruz,Female,4,BSPsych
2024-0216,Isabella,Reyes,Female,2,BSEd-Fil
2022-0208,John,Torres,Male,4,BSES
2024-0217,Vanessa,Mercado,Female,2,BSME
2025-0199,Lourdes,Pascual,Female,1,BSE
2025-0200,Rochelle,Dizon,Female,1,BSBA
2024-0218,Carlos,Reyes,Male,2,BSEd-Sci
2022-0209,Mark,Aquino,Male,4,BAPS
2025-0201,Kenneth,Sarmiento,Male,1,BSCA
2025-0202,Isabella,Aquino,Female,1,BSMetE
2022-0210,Clarice,Sarmiento,Female,4,BPEd
2022-0211,James,Ramos,Male,4,BSEd-Fil
2022-0212,Lance,Garcia,Male,4,BPEd
2024-0219,Elena,Mendoza,Female,2,BSEd-Sci
2022-0213,Sofia,Mendoza,Female,4,BSN
2025-0203,Carlos,Sarmiento,Male,1,BSEd-Math
2025-0204,Monica,Salvador,Female,1,BSCS
2025-0205,Angelo,Cruz,Male,1,BSME
2025-0206,James,Salvador,Male,1,BALCS
2022-0214,Camille,Mendoza,Female,4,BSEd-Math
2025-0207,Alejandro,Aquino,Male,1,BSBA-MM
2024-0220,Jasmine,Salvador,Female,2,BSEcE
2024-0221,Jose,Cruz,Male,2,BSEd-Eng
2022-0215,Mark,Aquino,Male,4,BSIT
2023-0177,Clarice,Reyes,Female,3,BSChem
2024-0222,Kenneth,Ramos,Male,2,BASoc
2025-0208,Angela,Perez,Female,1,BSEd-SS
2022-0216,Karen,Dizon,Female,4,BAPS
2025-0209,Christine,Garcia,Female,1,BSEd-SS
2023-0178,John,Aquino,Male,3,BSCE
2025-0210,Ana,Dizon,Female,1,BSE
2024-0223,Ana,Bautista,Female,2,BSCE
2023-0179,Thomas,Torres,Male,3,BAHisto
2023-0180,Roberto,Salvador,Male,3,BSCA
2025-0211,Ana,Guevarra,Female,1,BSPhys
2025-0212,Camille,Ramos,Female,1,BSIT
2025-0213,James,Perez,Male,1,BSMath
2024-0224,Gabriela,Dela Cruz,Female,2,BSN
2023-0181,Miguel,Dela Cruz,Male,3,BSChem
2024-0225,Vincent,Dela Cruz,Male,2,BSE
2022-0217,Patricia,Ramos,Female,4,BAHisto
2023-0182,Karen,Guevarra,Female,3,BSEd-Math
2024-0226,Therese,Bautista,Female,2,BSIS
2024-0227,Miguel,Santos,Male,2,BALCS
2024-0228,Roberto,Torres,Male,2,BSE
2024-0229,Jose,Dizon,Male,2,BSBA
2025-0214,Jose,Garcia,Male,1,BSMetE
2024-0230,Sofia,Salvador,Female,2,BSHM
2024-0231,Gabriela,Reyes,Female,2,BSChem
2022-0218,Kenneth,Dizon,Male,4,BSEd-Eng
2023-0183,Ana,Aquino,Female,3,BAHisto
2025-0215,Clarice,Villanueva,Female,1,BAELS
2022-0219,James,Dizon,Male,4,BSEd-Fil
2022-0220,James,Ramos,Male,4,BSEd-Math
2025-0216,Nicole,Cruz,Female,1,BSES
2022-0221,Miguel,Bautista,Male,4,BSCS
2024-0232,Antonio,Dizon,Male,2,BSME
2023-0184,Angelo,Flores,Male,3,BSEd-Eng
2024-0233,Lourdes,Dizon,Female,2,BSMetE
2022-0222,Karen,Villanueva,Female,4,BSEcE
2022-0223,Antonio,Salvador,Male,4,BSE
2024-0234,John,Flores,Male,2,BAELS
2025-0217,Juan,Reyes,Male,1,BSEd-Sci
2025-0218,Maria,Salvador,Female,1,BSEd-SS
2023-0185,Miguel,Dela Cruz,Male,3,BSCS
2024-0235,Robert,Bautista,Male,2,BSIT
2024-0236,Therese,Sarmiento,Female,2,BSE
2023-0186,Elena,Torres,Female,3,BSEd-Fil
2025-0219,Kenneth,Perez,Male,1,BALCS
2025-0220,Therese,Dizon,Female,1,BEEd
2022-0224,Joshua,Dizon,Male,4,BSEd-Sci
2023-0187,Mark,Flores,Male,3,BSIS
2022-0225,Angela,Pascual,Female,4,BSHM
2022-0226,Gilbert,Dela Cruz,Male,4,BSEd-Fil
2024-0237,Monica,Dizon,Female,2,BAPsych
2025-0221,Miguel,Villanueva,Male,1,BSCS
2025-0222,Mark,Bautista,Male,1,BSN
2024-0238,Angelo,Ramos,Male,2,BAPS
2023-0188,Clarice,Garcia,Female,3,BSEd-Fil
2025-0223,Christine,Cruz,Female,1,BAPsych
2025-0224,Gabriela,Perez,Female,1,BSEd-Sci
2025-0225,Therese,Castillo,Female,1,BSEE
2022-0227,Robert,Dela Cruz,Male,4,BSEd-Sci
2023-0189,Josh,Sarmiento,Male,3,BAPsych
2024-0239,Josh,Villanueva,Male,2,BSIS
2023-0190,Gilbert,Pascual,Male,3,BSEd-Math
2023-0191,Robert,Sarmiento,Male,3,BSChem
2022-0228,Nicole,Mercado,Female,4,BAPS
2025-0226,Kenneth,Flores,Male,1,BSN
2023-0192,Maria,Guevarra,Female,3,BAPsych
2023-0193,Clarice,Guevarra,Female,3,BSBio
2025-0227,Monica,Villanueva,Female,1,BAPsych
2024-0240,James,Mendoza,Male,2,BSCS
2024-0241,Camille,Castillo,Female,2,BSIT
2023-0194,Gabriela,Dela Cruz,Female,3,BSEcE
2024-0242,Angelo,Salvador,Male,2,BSEd-Sci
2022-0229,Lourdes,Dizon,Female,4,BSPhys
2022-0230,Nicole,Dela Cruz,Female,4,BSPsych
2024-0243,Christine,Sarmiento,Female,2,BSBio
2023-0195,Clarice,Garcia,Female,3,BSN
2024-0244,Nicole,Torres,Female,2,BALCS
2022-0231,Vanessa,Garcia,Female,4,BSME
2025-0228,Mark,Santos,Male,1,BSEE
2022-0232,Roberto,Dizon,Male,4,BSHM
2023-0196,Therese,Cruz,Female,3,BSBio
2023-0197,Jose,Sarmiento,Male,3,BSCA
2022-0233,Miguel,Bautista,Male,4,BSPhys
2022-0234,Roberto,Santos,Male,4,BAPS
2025-0229,Isabella,Mercado,Female,1,BSEd-Fil
2024-0245,James,Pascual,Male,2,BSN
2024-0246,Alejandro,Guevarra,Male,2,BSN
2022-0235,Gilbert,Perez,Male,4,BSPsych
2024-0247,Juan,Guevarra,Male,2,BSBio
2024-0248,Sofia,Sarmiento,Female,2,BSEd-Sci
2025-0230,Lourdes,Pascual,Female,1,BSCS
2023-0198,John,Santos,Male,3,BSCE
2023-0199,Maria,Bautista,Female,3,BSES
2025-0231,Vincent,Cruz,Male,1,BSChem
2023-0200,Antonio,Guevarra,Male,3,BSE
2025-0232,Alejandro,Ramos,Male,1,BSMetE
2024-0249,Angela,Dela Cruz,Female,2,BEEd
2023-0201,Isabella,Salvador,Female,3,BSMetE
2022-0236,Camille,Torres,Female,4,BSBA-BE
2024-0250,Isabella,Aquino,Female,2,BSEE
2023-0202,Therese,Garcia,Female,3,BSIS
2023-0203,Antonio,Garcia,Male,3,BSBA
2022-0237,Rochelle,Castillo,Female,4,BSBA-MM
2023-0204,Lance,Villanueva,Male,3,BALCS
2024-0251,Isabella,Salvador,Female,2,BSPhys
2023-0205,Angelo,Dela Cruz,Male,3,BSCS
2022-0238,Angela,Pascual,Female,4,BSEd-Eng
2023-0206,Gabriela,Dela Cruz,Female,3,BSHM
2022-0239,Beatriz,Dizon,Female,4,BSBA-MM
2025-0233,Mark,Torres,Male,1,BSPhil
2024-0252,Kenneth,Dizon,Male,2,BSIT
2024-0253,Josh,Dizon,Male,2,BAPS
2024-0254,Carlos,Dizon,Male,2,BAPsych
2025-0234,Lance,Ramos,Male,1,BSIT
2025-0235,Maria,Reyes,Female,1,BSCE
2023-0207,James,Bautista,Male,3,BSIT
2024-0255,Carlos,Garcia,Male,2,BSMetE
2025-0236,Alejandro,Pascual,Male,1,BSBio
2024-0256,Gilbert,Mercado,Male,2,BSEE
2022-0240,Maria,Garcia,Female,4,BSIS
2024-0257,Juan,Garcia,Male,2,BAHisto
2023-0208,Monica,Bautista,Female,3,BAHisto
2023-0209,Alejandro,Mendoza,Male,3,BSBA-MM
2023-0210,Carlos,Ramos,Male,3,BSEd-SS
2025-0237,Isabella,Reyes,Female,1,BEEd
2022-0241,Beatriz,Salvador,Female,4,BSBA-MM
2025-0238,Beatriz,Guevarra,Female,1,BSE
2024-0258,Lourdes,Castillo,Female,2,BAELS
2025-0239,Therese,Aquino,Female,1,BEEd
2025-0240,Josh,Salvador,Male,1,BSPhil
2022-0242,Rochelle,Guevarra,Female,4,BSME
2025-0241,Monica,Aquino,Female,1,BSMetE
2022-0243,Rochelle,Garcia,Female,4,BSE
2022-0244,Carlos,Flores,Male,4,BSBA-BE
2024-0259,Jasmine,Dizon,Female,2,BSEd-Sci
2022-0245,Joshua,Mendoza,Male,4,BSEE
2023-0211,Christine,Mercado,Female,3,BAPS
2022-0246,Camille,Dizon,Female,4,BSCA
2022-0247,James,Mendoza,Male,4,BSHM
2022-0248,Thomas,Reyes,Male,4,BSEd-Sci
2022-0249,Rochelle,Dizon,Female,4,BSIT
2024-0260,Mark,Salvador,Male,2,BSPsych
2023-0212,Lance,Torres,Male,3,BSMetE
2023-0213,Elena,Flores,Female,3,BAELS
2022-0250,Isabella,Garcia,Female,4,BALCS
2022-0251,Lance,Aquino,Male,4,BSMath
2022-0252,Vincent,Villanueva,Male,4,BAPS
2025-0242,Elena,Mendoza,Female,1,BSIT
2025-0243,Jose,Dela Cruz,Male,1,BSPhys
2023-0214,Kenneth,Ramos,Male,3,BSEE
2025-0244,James,Villanueva,Male,1,BSEd-Fil
2023-0215,Alejandro,Dela Cruz,Male,3,BSPsych
2024-0261,John,Perez,Male,2,BALCS
2023-0216,Therese,Guevarra,Female,3,BSN
2024-0262,Patricia,Dela Cruz,Female,2,BSEE
2023-0217,Thomas,Torres,Male,3,BSBA-BE
2022-0253,Lance,Pascual,Male,4,BAPsych
2024-0263,Vincent,Guevarra,Male,2,BSEd-Math
2022-0254,Elena,Ramos,Female,4,BSIS
2024-0264,Christine,Salvador,Female,2,BSChem
2025-0245,Joshua,Cruz,Male,1,BSBA-MM
2024-0265,John,Castillo,Male,2,BSEd-SS
2023-0218,Gilbert,Santos,Male,3,BSHM
2024-0266,Lance,Salvador,Male,2,BSEd-SS
2025-0246,Camille,Guevarra,Female,1,BSCA
2022-0255,Roberto,Dizon,Male,4,BSBA-BE
2024-0267,Isabella,Dizon,Female,2,BSES
2025-0247,Joshua,Pascual,Male,1,BAELS
2024-0268,Beatriz,Mendoza,Female,2,BSHM
2023-0219,Roberto,Flores,Male,3,BSA
2022-0256,Joshua,Torres,Male,4,BAPsych
2023-0220,Sofia,Mercado,Female,3,BAPsych
2025-0248,Lourdes,Cruz,Female,1,BSPhys
2022-0257,Angela,Guevarra,Female,4,BSCA
2023-0221,Karen,Villanueva,Female,3,BALCS
2023-0222,Carlos,Castillo,Male,3,BSBA-BE
2022-0258,Miguel,Castillo,Male,4,BPEd
2023-0223,Alejandro,Perez,Male,3,BSIS
2023-0224,John,Ramos,Male,3,BAPS
2022-0259,Therese,Reyes,Female,4,BSCE
2025-0249,Sofia,Dela Cruz,Female,1,BSIT
2025-0250,Beatriz,Salvador,Female,1,BAPS
2024-0269,Monica,Garcia,Female,2,BSIT
2022-0260,Thomas,Dizon,Male,4,BAPS
2022-0261,Joshua,Castillo,Male,4,BSCS
2022-0262,Beatriz,Torres,Female,4,BSEd-Eng
2025-0251,Elena,Ramos,Female,1,BSPsych
2024-0270,Alejandro,Santos,Male,2,BAHisto
2024-0271,John,Santos,Male,2,BEEd
2023-0225,Antonio,Torres,Male,3,BSEd-Fil
2023-0226,Gilbert,Santos,Male,3,BSBA-MM
2024-0272,Joshua,Flores,Male,2,BSEntrep
2024-0273,Maria,Pascual,Female,2,BSEd-SS
2023-0227,Alejandro,Sarmiento,Male,3,BSBA-BE
2024-0274,Christine,Pascual,Female,2,BSBA
2025-0252,John,Garcia,Male,1,BSBio
2025-0253,Roberto,Garcia,Male,1,BAPS
2023-0228,Jasmine,Mendoza,Female,3,BSEd-Math
2023-0229,Maria,Villanueva,Female,3,BSHM
2025-0254,James,Villanueva,Male,1,BSCS
2023-0230,Karen,Mercado,Female,3,BSEd-SS
2022-0263,Mark,Pascual,Male,4,BSEd-Fil
2025-0255,Nicole,Perez,Female,1,BSBA-MM
2023-0231,Lourdes,Dela Cruz,Female,3,BSEcE
2023-0232,Rochelle,Flores,Female,3,BSEd-Fil
2024-0275,Ana,Villanueva,Female,2,BALCS
2023-0233,Vanessa,Cruz,Female,3,BSCS
2024-0276,John,Sarmiento,Male,2,BSChem
2023-0234,Kenneth,Villanueva,Male,3,BSME
2024-0277,Beatriz,Sarmiento,Female,2,BAHisto
2023-0235,Beatriz,Mendoza,Female,3,BSEcE
2023-0236,Miguel,Flores,Male,3,BSCA
2024-0278,Carlos,Dela Cruz,Male,2,BAHisto
2022-0264,Miguel,Santos,Male,4,BSIT
2024-0279,Jasmine,Salvador,Female,2,BSCS
2023-0237,Joshua,Sarmiento,Male,3,BSEntrep
2025-0256,Monica,Pascual,Female,1,BSA
2024-0280,Alejandro,Santos,Male,2,BSIT
2025-0257,Gabriela,Mercado,Female,1,BALCS
2024-0281,Antonio,Garcia,Male,2,BALCS
2024-0282,Beatriz,Perez,Female,2,BALCS
2025-0258,Gabriela,Reyes,Female,1,BSIT
2022-0265,Elena,Aquino,Female,4,BAPsych
2024-0283,Therese,Ramos,Female,2,BSCE
2023-0238,Thomas,Guevarra,Male,3,BSPhys
2023-0239,Elena,Pascual,Female,3,BAHisto
2024-0284,James,Guevarra,Male,2,BSEd-Eng
2025-0259,Maria,Dela Cruz,Female,1,BAHisto
2022-0266,Antonio,Dizon,Male,4,BSCE
2025-0260,James,Guevarra,Male,1,BSCS
2023-0240,Jasmine,Flores,Female,3,BAELS
2025-0261,Monica,Flores,Female,1,BAPS
2022-0267,Rochelle,Pascual,Female,4,BSEd-Math
2022-0268,James,Dizon,Male,4,BSCA
2025-0262,Vanessa,Perez,Female,1,BSPhys
2025-0263,Vincent,Torres,Male,1,BASoc
2025-0264,Karen,Torres,Female,1,BAPsych
2025-0265,Clarice,Castillo,Female,1,BEEd
2022-0269,Angelo,Dizon,Male,4,BSE
2022-0270,Christine,Dizon,Female,4,BSIS
2022-0271,Robert,Bautista,Male,4,BSES
2024-0285,Isabella,Sarmiento,Female,2,BSHM
2022-0272,Carlos,Salvador,Male,4,BSEd-SS
2023-0241,Sofia,Salvador,Female,3,BSN
2024-0286,Therese,Ramos,Female,2,BSEd-Math
2022-0273,Isabella,Dela Cruz,Female,4,BSPsych
2022-0274,Nicole,Santos,Female,4,BSIS
2023-0242,John,Dizon,Male,3,BSIT
2023-0243,Jasmine,Mendoza,Female,3,BSCA
2023-0244,Vincent,Cruz,Male,3,BSME
2022-0275,Angela,Guevarra,Female,4,BSEd-SS
2025-0266,James,Cruz,Male,1,BSN
2024-0287,Isabella,Dizon,Female,2,BSIS
2025-0267,Miguel,Santos,Male,1,BSES
2025-0268,Rochelle,Reyes,Female,1,BSEE
2022-0276,Camille,Dizon,Female,4,BSEd-Eng
2025-0269,Juan,Cruz,Male,1,BSE
2024-0288,Therese,Flores,Female,2,BSCA
2023-0245,Josh,Castillo,Male,3,BSBio
2023-0246,Beatriz,Castillo,Female,3,BSEcE
2023-0247,Karen,Dizon,Female,3,BSN
2024-0289,Christine,Guevarra,Female,2,BSHM
2024-0290,Rochelle,Bautista,Female,2,BAELS
2025-0270,Angelo,Sarmiento,Male,1,BSCA
2024-0291,Christine,Garcia,Female,2,BSN
2023-0248,Kenneth,Garcia,Male,3,BSES
2024-0292,Antonio,Aquino,Male,2,BSEcE
2023-0249,Mark,Garcia,Male,3,BSEd-SS
2025-0271,Christine,Guevarra,Female,1,BALCS
2022-0277,Maria,Mendoza,Female,4,BSEd-SS
2024-0293,Therese,Dizon,Female,2,BSBA-MM
2024-0294,Christine,Santos,Female,2,BSPsych
2024-0295,Patricia,Dela Cruz,Female,2,BSBio
2025-0272,Jose,Dizon,Male,1,BASoc
2024-0296,Mark,Reyes,Male,2,BSES
2023-0250,Karen,Dizon,Female,3,BSEd-Fil
2024-0297,Clarice,Santos,Female,2,BSBA-BE
2025-0273,Josh,Sarmiento,Male,1,BSEd-SS
2025-0274,Beatriz,Cruz,Female,1,BSEntrep
2023-0251,Gilbert,Bautista,Male,3,BSHM
2023-0252,Sofia,Ramos,Female,3,BSEd-SS
2023-0253,Roberto,Santos,Male,3,BASoc
2025-0275,Camille,Sarmiento,Female,1,BSPsych
2022-0278,Gilbert,Bautista,Male,4,BSMath
2025-0276,Robert,Bautista,Male,1,BSE
2025-0277,Rochelle,Reyes,Female,1,BPEd
2022-0279,John,Villanueva,Male,4,BSPsych
2023-0254,Lourdes,Dela Cruz,Female,3,BSPsych
2025-0278,Kenneth,Pascual,Male,1,BSBio
2023-0255,Nicole,Sarmiento,Female,3,BALCS
2023-0256,Karen,Salvador,Female,3,BSPhil
2022-0280,Nicole,Flores,Female,4,BSEcE
2025-0279,Joshua,Salvador,Male,1,BPEd
2022-0281,Jasmine,Aquino,Female,4,BSEd-Fil
2025-0280,Therese,Torres,Female,1,BSIS
2023-0257,Angelo,Castillo,Male,3,BAPS
2023-0258,Thomas,Dizon,Male,3,BSEd-Eng
2025-0281,Gilbert,Pascual,Male,1,BSPhil
2022-0282,James,Guevarra,Male,4,BSBA
2022-0283,Maria,Ramos,Female,4,BSBA-MM
2022-0284,Christine,Bautista,Female,4,BPEd
2022-0285,Vincent,Flores,Male,4,BAHisto
2024-0298,Mark,Cruz,Male,2,BSEd-SS
2025-0282,Elena,Dizon,Female,1,BSEntrep
2023-0259,Roberto,Castillo,Male,3,BALCS
2025-0283,Antonio,Castillo,Male,1,BAPS
2022-0286,Patricia,Guevarra,Female,4,BSEd-Eng
2025-0284,Gilbert,Bautista,Male,1,BSEcE
2023-0260,Jasmine,Santos,Female,3,BALCS
2025-0285,Isabella,Villanueva,Female,1,BSBA-BE
2025-0286,Therese,Aquino,Female,1,BSE
2025-0287,Jasmine,Garcia,Female,1,BSA
2025-0288,Camille,Bautista,Female,1,BSIT
2022-0287,Gabriela,Bautista,Female,4,BSCS
2025-0289,Jose,Dizon,Male,1,BSES
2022-0288,Monica,Dizon,Female,4,BSEd-Fil
2023-0261,Sofia,Santos,Female,3,BSEd-Math
2025-0290,Jose,Castillo,Male,1,BSIT
2025-0291,Karen,Flores,Female,1,BSBio
2023-0262,Christine,Mercado,Female,3,BSChem
2024-0299,Roberto,Torres,Male,2,BSEd-Eng
2025-0292,James,Dela Cruz,Male,1,BAPS
2022-0289,Ana,Sarmiento,Female,4,BSEcE
2023-0263,Joshua,Sarmiento,Male,3,BSEd-Eng
2025-0293,Carlos,Guevarra,Male,1,BSA
2022-0290,Jose,Dizon,Male,4,BSE
2025-0294,Roberto,Dizon,Male,1,BSEd-Sci
2022-0291,Monica,Dizon,Female,4,BAPsych
2025-0295,Angelo,Dizon,Male,1,BSE
2022-0292,Robert,Flores,Male,4,BSEd-Sci
2022-0293,Patricia,Dizon,Female,4,BSEntrep
2024-0300,Monica,Perez,Female,2,BASoc
2025-0296,Isabella,Cruz,Female,1,BASoc
2024-0301,John,Santos,Male,2,BSMetE
2025-0297,Jasmine,Cruz,Female,1,BSIT
2023-0264,Roberto,Castillo,Male,3,BSE
2024-0302,James,Dizon,Male,2,BAHisto
2023-0265,Joshua,Mercado,Male,3,BSCA
2024-0303,Antonio,Ramos,Male,2,BSChem
2025-0298,Isabella,Dizon,Female,1,BSE
2023-0266,Robert,Garcia,Male,3,BSIS
2022-0294,Joshua,Flores,Male,4,BSHM
2025-0299,Lourdes,Garcia,Female,1,BSBA-MM
2025-0300,Angela,Bautista,Female,1,BSES
2023-0267,Thomas,Ramos,Male,3,BSBA-MM
2025-0301,Joshua,Pascual,Male,1,BSN
2022-0295,Miguel,Dizon,Male,4,BSCE
2023-0268,Angelo,Garcia,Male,3,BAELS
2023-0269,Antonio,Mendoza,Male,3,BSHM
2023-0270,Mark,Garcia,Male,3,BSMath
2023-0271,Rochelle,Pascual,Female,3,BSBA
2025-0302,Rochelle,Cruz,Female,1,BSEE
2025-0303,Elena,Mercado,Female,1,BSCA
2022-0296,Ana,Sarmiento,Female,4,BSHM
2022-0297,Miguel,Ramos,Male,4,BSEntrep
2025-0304,Gilbert,Santos,Male,1,BSCE
2022-0298,James,Mercado,Male,4,BALCS
2022-0299,Lance,Reyes,Male,4,BSA
2023-0272,Juan,Bautista,Male,3,BSPhil
2024-0304,Joshua,Dizon,Male,2,BSMetE
2024-0305,Monica,Perez,Female,2,BASoc
2024-0306,Lance,Reyes,Male,2,BASoc
2023-0273,Vincent,Salvador,Male,3,BSEd-Math
2022-0300,Gilbert,Santos,Male,4,BSHM
2024-0307,Elena,Perez,Female,2,BASoc
2023-0274,Ana,Perez,Female,3,BSE
2022-0301,Therese,Dizon,Female,4,BSBA
2025-0305,Sofia,Mercado,Female,1,BSE
2022-0302,Josh,Mendoza,Male,4,BSEcE
2023-0275,Lourdes,Ramos,Female,3,BSCE
2025-0306,Joshua,Aquino,Male,1,BAPS
2025-0307,Roberto,Sarmiento,Male,1,BSCS
2022-0303,Sofia,Bautista,Female,4,BSES
2024-0308,Robert,Garcia,Male,2,BSEd-Eng
2025-0308,Christine,Guevarra,Female,1,BAPS
2025-0309,Roberto,Villanueva,Male,1,BSEd-Math
2023-0276,Jasmine,Mercado,Female,3,BSBA
2024-0309,Robert,Mercado,Male,2,BSEd-Fil
2022-0304,Lance,Dela Cruz,Male,4,BSEntrep
2025-0310,Camille,Torres,Female,1,BSEcE
2022-0305,Isabella,Villanueva,Female,4,BSEd-Eng
2025-0311,Gilbert,Villanueva,Male,1,BSCA
2024-0310,Jasmine,Aquino,Female,2,BALCS
2024-0311,Camille,Sarmiento,Female,2,BSPsych
2022-0306,Lance,Dizon,Male,4,BSA
2022-0307,Antonio,Cruz,Male,4,BSBA
2025-0312,James,Aquino,Male,1,BSEE
2023-0277,Ana,Mercado,Female,3,BSA
2025-0313,Robert,Dizon,Male,1,BSE
2022-0308,Lance,Bautista,Male,4,BSN
2023-0278,Monica,Sarmiento,Female,3,BSHM
2025-0314,Thomas,Ramos,Male,1,BSN
2023-0279,Roberto,Dela Cruz,Male,3,BSIT
2024-0312,Joshua,Flores,Male,2,BSEcE
2024-0313,Lance,Guevarra,Male,2,BSEcE
2022-0309,Gilbert,Reyes,Male,4,BAPS
2023-0280,Jasmine,Cruz,Female,3,BSEd-Math
2023-0281,Patricia,Guevarra,Female,3,BEEd
2022-0310,Vanessa,Dizon,Female,4,BSEntrep
2025-0315,Rochelle,Dizon,Female,1,BSEcE
2023-0282,Therese,Ramos,Female,3,BSMetE
2022-0311,Gilbert,Sarmiento,Male,4,BAELS
2023-0283,Gabriela,Villanueva,Female,3,BSEd-SS
2025-0316,Mark,Dizon,Male,1,BAPS
2024-0314,Gilbert,Santos,Male,2,BSCE
2024-0315,Alejandro,Bautista,Male,2,BSEcE
2022-0312,Karen,Mendoza,Female,4,BSN
2022-0313,Clarice,Dizon,Female,4,BSEcE
2024-0316,Karen,Cruz,Female,2,BASoc
2024-0317,Vincent,Pascual,Male,2,BAHisto
2022-0314,Antonio,Villanueva,Male,4,BSEE
2025-0317,Therese,Mendoza,Female,1,BPEd
2025-0318,Rochelle,Mercado,Female,1,BSBio
2024-0318,Kenneth,Flores,Male,2,BSCA
2022-0315,Lance,Salvador,Male,4,BSEE
2025-0319,Mark,Aquino,Male,1,BSIT
2024-0319,Jasmine,Flores,Female,2,BSBA-MM
2022-0316,Camille,Ramos,Female,4,BAELS
2022-0317,Vincent,Reyes,Male,4,BPEd
2023-0284,Mark,Ramos,Male,3,BSEd-Sci
2022-0318,Monica,Cruz,Female,4,BAHisto
2025-0320,Vincent,Cruz,Male,1,BSMetE
2025-0321,Rochelle,Salvador,Female,1,BSPhys
2022-0319,Angelo,Dela Cruz,Male,4,BSEd-Sci
2023-0285,Gilbert,Mendoza,Male,3,BAPS
2023-0286,Therese,Dizon,Female,3,BSEd-Math
2022-0320,Elena,Santos,Female,4,BPEd
2022-0321,Thomas,Dizon,Male,4,BSE
2024-0320,Monica,Reyes,Female,2,BSEd-Fil
2024-0321,Patricia,Torres,Female,2,BSBA-MM
2024-0322,Lourdes,Dizon,Female,2,BPEd
2022-0322,Maria,Aquino,Female,4,BSBA
2024-0323,Elena,Sarmiento,Female,2,BSEd-SS
2025-0322,Juan,Torres,Male,1,BSCE
2025-0323,James,Villanueva,Male,1,BSPsych
2024-0324,Joshua,Salvador,Male,2,BSChem
2025-0324,Thomas,Dela Cruz,Male,1,BSBio
2022-0323,Angelo,Sarmiento,Male,4,BAELS
2025-0325,Antonio,Castillo,Male,1,BAHisto
2023-0287,Joshua,Castillo,Male,3,BSBA-BE
2024-0325,Thomas,Pascual,Male,2,BSEd-Sci
2022-0324,Camille,Sarmiento,Female,4,BSBio
2024-0326,Juan,Garcia,Male,2,BSEntrep
2022-0325,Angelo,Sarmiento,Male,4,BSME
2023-0288,James,Reyes,Male,3,BSEcE
2022-0326,Clarice,Flores,Female,4,BSEE
2024-0327,Therese,Ramos,Female,2,BSChem
2023-0289,Juan,Bautista,Male,3,BSMath
2024-0328,Therese,Ramos,Female,2,BSPhys
2025-0326,Joshua,Dizon,Male,1,BSBA-BE
2023-0290,Jasmine,Ramos,Female,3,BSCA
2025-0327,Alejandro,Dela Cruz,Male,1,BSBio
2022-0327,Jose,Flores,Male,4,BSPhys
2024-0329,Mark,Castillo,Male,2,BPEd
2022-0328,Thomas,Salvador,Male,4,BASoc
2022-0329,Isabella,Flores,Female,4,BSPhil
2022-0330,Elena,Cruz,Female,4,BSEd-SS
2023-0291,Kenneth,Pascual,Male,3,BAPS
2022-0331,Jasmine,Pascual,Female,4,BSA
2024-0330,Lance,Reyes,Male,2,BSIT
2025-0328,Antonio,Garcia,Male,1,BSHM
2025-0329,Thomas,Dela Cruz,Male,1,BSChem
2022-0332,Roberto,Sarmiento,Male,4,BPEd
2024-0331,Lance,Santos,Male,2,BSEntrep
2023-0292,Gabriela,Castillo,Female,3,BSEntrep
2022-0333,Clarice,Pascual,Female,4,BSEntrep
2025-0330,Therese,Villanueva,Female,1,BSA
2024-0332,Nicole,Mercado,Female,2,BSCS
2025-0331,Angelo,Torres,Male,1,BSBA-MM
2023-0293,Robert,Sarmiento,Male,3,BSA
2024-0333,Angela,Garcia,Female,2,BSPhil
2022-0334,Roberto,Santos,Male,4,BAPsych
2024-0334,Angelo,Garcia,Male,2,BSES
2022-0335,Angelo,Aquino,Male,4,BAELS
2025-0332,James,Sarmiento,Male,1,BSPhys
2024-0335,Elena,Torres,Female,2,BSBA-MM
2022-0336,Therese,Mercado,Female,4,BSEd-Math
2024-0336,Angela,Flores,Female,2,BSEd-SS
2023-0294,Robert,Salvador,Male,3,BSChem
2023-0295,Vanessa,Cruz,Female,3,BAPS
2024-0337,Isabella,Castillo,Female,2,BSEd-Math
2023-0296,Robert,Villanueva,Male,3,BSHM
2022-0337,Therese,Ramos,Female,4,BEEd
2023-0297,Therese,Ramos,Female,3,BAHisto
2024-0338,John,Ramos,Male,2,BSME
2024-0339,Antonio,Flores,Male,2,BALCS
2023-0298,Karen,Pascual,Female,3,BSEcE
2022-0338,Isabella,Garcia,Female,4,BSE
2023-0299,Camille,Sarmiento,Female,3,BSEd-Math
2024-0340,Clarice,Castillo,Female,2,BSBA
2025-0333,Gabriela,Sarmiento,Female,1,BSPhil
2022-0339,Robert,Mendoza,Male,4,BAHisto
2023-0300,Patricia,Reyes,Female,3,BASoc
2025-0334,Elena,Perez,Female,1,BSBio
2023-0301,Mark,Mercado,Male,3,BSEd-Fil
2023-0302,Therese,Cruz,Female,3,BSEd-Fil
2023-0303,Rochelle,Reyes,Female,3,BSEcE
2024-0341,Elena,Guevarra,Female,2,BSBA-BE
2024-0342,Sofia,Guevarra,Female,2,BSEntrep
2024-0343,Patricia,Pascual,Female,2,BALCS
2022-0340,James,Dela Cruz,Male,4,BSEd-Fil
2022-0341,Christine,Mercado,Female,4,BSIS
2025-0335,Kenneth,Dela Cruz,Male,1,BSEcE
2024-0344,Thomas,Bautista,Male,2,BSME
2024-0345,Joshua,Cruz,Male,2,BSBA-MM
2024-0346,Clarice,Mercado,Female,2,BPEd
2024-0347,Therese,Dizon,Female,2,BAPsych
2025-0336,Vanessa,Ramos,Female,1,BSBA-MM
2024-0348,Karen,Santos,Female,2,BASoc
2025-0337,Jose,Mendoza,Male,1,BSBA-BE
2023-0304,Jasmine,Perez,Female,3,BSBA
2025-0338,John,Garcia,Male,1,BSChem
2023-0305,Lourdes,Dela Cruz,Female,3,BSPsych
2023-0306,Ana,Cruz,Female,3,BSES
2025-0339,Roberto,Aquino,Male,1,BSEd-SS
2023-0307,Ana,Salvador,Female,3,BSEd-Sci
2024-0349,Carlos,Ramos,Male,2,BSEcE
2024-0350,Angelo,Reyes,Male,2,BSMath
2023-0308,Antonio,Sarmiento,Male,3,BSEd-Math
2023-0309,Joshua,Garcia,Male,3,BSEntrep
2025-0340,Miguel,Villanueva,Male,1,BAPsych
2022-0342,Antonio,Aquino,Male,4,BSHM
2024-0351,Patricia,Perez,Female,2,BSEd-Math
2022-0343,Antonio,Flores,Male,4,BSMath
2024-0352,Gilbert,Villanueva,Male,2,BSE
2024-0353,James,Villanueva,Male,2,BSHM
2024-0354,Rochelle,Salvador,Female,2,BSEE
2022-0344,Miguel,Dela Cruz,Male,4,BALCS
2023-0310,Kenneth,Bautista,Male,3,BSMath
2025-0341,Gilbert,Flores,Male,1,BALCS
2023-0311,Ana,Perez,Female,3,BSEE
2022-0345,Patricia,Dela Cruz,Female,4,BSES
2025-0342,Camille,Pascual,Female,1,BSEcE
2025-0343,Maria,Guevarra,Female,1,BSChem
2023-0312,Jasmine,Perez,Female,3,BSBA
2023-0313,Kenneth,Mercado,Male,3,BSCS
2023-0314,Maria,Villanueva,Female,3,BSHM
2022-0346,Jasmine,Dela Cruz,Female,4,BSEE
2025-0344,Lourdes,Ramos,Female,1,BSES
2024-0355,Isabella,Cruz,Female,2,BSEd-Sci
2024-0356,Christine,Aquino,Female,2,BSPhil
2023-0315,Angela,Cruz,Female,3,BASoc
2024-0357,Roberto,Garcia,Male,2,BSCE
2024-0358,Roberto,Mercado,Male,2,BSEcE
2025-0345,Kenneth,Reyes,Male,1,BSEcE
2022-0347,Juan,Dizon,Male,4,BSBio
2025-0346,Vanessa,Garcia,Female,1,BSEd-Sci
2025-0347,Isabella,Mendoza,Female,1,BSPsych
2024-0359,James,Villanueva,Male,2,BAPS
2023-0316,Lance,Pascual,Male,3,BSA
2023-0317,Angela,Bautista,Female,3,BPEd
2025-0348,Lourdes,Bautista,Female,1,BSEE
2025-0349,Robert,Castillo,Male,1,BSEcE
2023-0318,Beatriz,Mendoza,Female,3,BAPS
2022-0348,Angela,Pascual,Female,4,BSE
2022-0349,Josh,Castillo,Male,4,BSA
2024-0360,Lance,Mercado,Male,2,BSEE
2024-0361,Miguel,Santos,Male,2,BSES
2025-0350,Therese,Bautista,Female,1,BSBA-MM
2022-0350,Sofia,Sarmiento,Female,4,BSMetE
2022-0351,Isabella,Dizon,Female,4,BSPhys
2024-0362,Beatriz,Aquino,Female,2,BSPsych
2024-0363,Vanessa,Dizon,Female,2,BSMetE
2023-0319,Kenneth,Salvador,Male,3,BSIT
2025-0351,Lance,Torres,Male,1,BSME
2025-0352,Christine,Reyes,Female,1,BSPhys
2023-0320,Christine,Pascual,Female,3,BAPsych
2024-0364,Angela,Garcia,Female,2,BSES
2024-0365,Miguel,Santos,Male,2,BSE
2025-0353,Beatriz,Mercado,Female,1,BSBA-BE
2022-0352,Karen,Torres,Female,4,BSEd-Sci
2022-0353,Maria,Pascual,Female,4,BPEd
2024-0366,Josh,Pascual,Male,2,BSBA
2025-0354,Patricia,Dizon,Female,1,BSCE
2022-0354,Juan,Mendoza,Male,4,BAHisto
2024-0367,Josh,Garcia,Male,2,BSEE
2024-0368,Rochelle,Pascual,Female,2,BSA
2022-0355,Therese,Bautista,Female,4,BSPsych
2022-0356,Patricia,Cruz,Female,4,BSBA-MM
2023-0321,Christine,Perez,Female,3,BSPsych
2023-0322,Jasmine,Reyes,Female,3,BPEd
2022-0357,Lourdes,Dizon,Female,4,BSChem
2022-0358,Nicole,Mendoza,Female,4,BSES
2024-0369,Juan,Pascual,Male,2,BSIS
2022-0359,Carlos,Castillo,Male,4,BSBA-MM
2024-0370,Kenneth,Villanueva,Male,2,BSEd-Fil
2024-0371,Patricia,Dizon,Female,2,BSES
2023-0323,Kenneth,Cruz,Male,3,BSME
2023-0324,Carlos,Salvador,Male,3,BSME
2023-0325,Angelo,Ramos,Male,3,BSEE
2023-0326,Antonio,Salvador,Male,3,BAPS
2022-0360,Antonio,Dizon,Male,4,BSCE
2022-0361,Gilbert,Santos,Male,4,BSCS
2023-0327,Sofia,Garcia,Female,3,BSPsych
2025-0355,Mark,Reyes,Male,1,BEEd
2025-0356,Kenneth,Reyes,Male,1,BSEE
2025-0357,Therese,Guevarra,Female,1,BSHM
2023-0328,Vanessa,Dela Cruz,Female,3,BSES
2024-0372,Beatriz,Perez,Female,2,BSA
2024-0373,Alejandro,Castillo,Male,2,BSEd-Fil
2022-0362,John,Flores,Male,4,BSE
2025-0358,Angela,Garcia,Female,1,BSEcE
2024-0374,Karen,Perez,Female,2,BPEd
2022-0363,Thomas,Dela Cruz,Male,4,BAPS
2023-0329,Beatriz,Dizon,Female,3,BSBA
2023-0330,Jasmine,Dizon,Female,3,BSEd-Math
2024-0375,Christine,Flores,Female,2,BSPhys
2023-0331,Joshua,Salvador,Male,3,BSPsych
2023-0332,Karen,Torres,Female,3,BAPS
2022-0364,Lourdes,Dizon,Female,4,BSPhys
2024-0376,Lance,Dela Cruz,Male,2,BSMetE
2022-0365,Miguel,Villanueva,Male,4,BAPS
2024-0377,Vincent,Perez,Male,2,BSMath
2024-0378,Alejandro,Castillo,Male,2,BAPsych
2025-0359,Joshua,Villanueva,Male,1,BSEd-Fil
2025-0360,Carlos,Guevarra,Male,1,BSPhys
2025-0361,Roberto,Mercado,Male,1,BSHM
2024-0379,Ana,Dela Cruz,Female,2,BSEE
2024-0380,Monica,Castillo,Female,2,BSEcE
2022-0366,Jose,Garcia,Male,4,BPEd
2024-0381,Angela,Guevarra,Female,2,BAPS
2022-0367,Juan,Dela Cruz,Male,4,BPEd
2023-0333,Gabriela,Pascual,Female,3,BSEd-Sci
2024-0382,Nicole,Castillo,Female,2,BSBA
2023-0334,Robert,Aquino,Male,3,BSES
2022-0368,Mark,Perez,Male,4,BSPsych
2024-0383,Maria,Castillo,Female,2,BAPsych
2024-0384,Karen,Ramos,Female,2,BSEd-Fil
2025-0362,Thomas,Guevarra,Male,1,BAPS
2022-0369,Maria,Cruz,Female,4,BSCS
2025-0363,Angelo,Ramos,Male,1,BSEd-Math
2024-0385,Vanessa,Perez,Female,2,BSIS
2024-0386,Karen,Aquino,Female,2,BSES
2025-0364,Angelo,Guevarra,Male,1,BSEntrep
2023-0335,Gilbert,Santos,Male,3,BSPhil
2025-0365,Monica,Reyes,Female,1,BSEd-Eng
2025-0366,Jasmine,Perez,Female,1,BSBio
2025-0367,Isabella,Guevarra,Female,1,BSEd-Fil
2023-0336,Angela,Flores,Female,3,BSEd-Eng
2024-0387,Gilbert,Dela Cruz,Male,2,BSEcE
2024-0388,Antonio,Cruz,Male,2,BSHM
2025-0368,Nicole,Garcia,Female,1,BSEd-Fil
2024-0389,Camille,Castillo,Female,2,BSEntrep
2025-0369,Joshua,Torres,Male,1,BSPhys
2023-0337,Joshua,Flores,Male,3,BSEd-Eng
2023-0338,Roberto,Pascual,Male,3,BSEcE
2023-0339,Josh,Castillo,Male,3,BASoc
2023-0340,Patricia,Santos,Female,3,BSMetE
2022-0370,Josh,Dizon,Male,4,BSBA-BE
2023-0341,Mark,Perez,Male,3,BAPsych
2022-0371,Ana,Cruz,Female,4,BSEcE
2024-0390,Patricia,Flores,Female,2,BSBA
2022-0372,James,Dizon,Male,4,BSEcE
2025-0370,Camille,Castillo,Female,1,BSEd-Sci
2025-0371,Vincent,Sarmiento,Male,1,BSChem
2024-0391,Therese,Aquino,Female,2,BAHisto
2025-0372,Rochelle,Flores,Female,1,BSPhil
2025-0373,Carlos,Salvador,Male,1,BASoc
2023-0342,Carlos,Aquino,Male,3,BSEd-Math
2023-0343,Lourdes,Dela Cruz,Female,3,BSMetE
2025-0374,Nicole,Ramos,Female,1,BAELS
2022-0373,Christine,Dizon,Female,4,BSIS
2022-0374,Antonio,Sarmiento,Male,4,BSPhil
2023-0344,Angelo,Mendoza,Male,3,BSEd-Fil
2022-0375,Angela,Dizon,Female,4,BSEd-SS
2025-0375,Angela,Castillo,Female,1,BSBA-BE
2022-0376,Vanessa,Pascual,Female,4,BSMetE
2024-0392,Isabella,Dizon,Female,2,BSEntrep
2024-0393,Carlos,Santos,Male,2,BSCE
2025-0376,Jose,Reyes,Male,1,BAELS
2022-0377,Gabriela,Flores,Female,4,BSN
2024-0394,Karen,Dizon,Female,2,BAHisto
2024-0395,Monica,Dizon,Female,2,BASoc
2023-0345,Beatriz,Ramos,Female,3,BSEcE
2025-0377,Beatriz,Guevarra,Female,1,BSME
2024-0396,Juan,Reyes,Male,2,BSE
2025-0378,Beatriz,Sarmiento,Female,1,BSIS
2025-0379,Rochelle,Ramos,Female,1,BSEntrep
2023-0346,Lourdes,Ramos,Female,3,BSPsych
2023-0347,Ana,Castillo,Female,3,BSEE
2025-0380,Nicole,Guevarra,Female,1,BSChem
2022-0378,John,Mendoza,Male,4,BSMath
2024-0397,Josh,Dizon,Male,2,BSEd-SS
2022-0379,Maria,Guevarra,Female,4,BSBA
2025-0381,Antonio,Castillo,Male,1,BSEE
2024-0398,Jose,Flores,Male,2,BALCS
2022-0380,Sofia,Flores,Female,4,BSIS
2022-0381,Joshua,Cruz,Male,4,BSEd-Fil
2023-0348,Vincent,Dizon,Male,3,BSBA-BE
2025-0382,Monica,Dizon,Female,1,BSPhys
2025-0383,Therese,Aquino,Female,1,BSBio
2023-0349,Joshua,Mercado,Male,3,BSIS
2025-0384,Miguel,Dizon,Male,1,BAHisto
2023-0350,Miguel,Santos,Male,3,BAHisto
2023-0351,Maria,Garcia,Female,3,BSEcE
2022-0382,Gabriela,Reyes,Female,4,BSBio
2024-0399,Robert,Mercado,Male,2,BEEd
2022-0383,Juan,Perez,Male,4,BSA
2024-0400,Juan,Perez,Male,2,BSEE
2023-0352,Mark,Castillo,Male,3,BPEd
2023-0353,Thomas,Dizon,Male,3,BSN
2025-0385,Karen,Castillo,Female,1,BSIT
2023-0354,Mark,Torres,Male,3,BAHisto
2023-0355,Miguel,Garcia,Male,3,BEEd
2022-0384,Mark,Dela Cruz,Male,4,BSEcE
2025-0386,Therese,Dela Cruz,Female,1,BSIT
2023-0356,Angela,Torres,Female,3,BSBio
2024-0401,Isabella,Salvador,Female,2,BAELS
2022-0385,John,Reyes,Male,4,BSCE
2022-0386,Nicole,Perez,Female,4,BSIT
2023-0357,Elena,Mercado,Female,3,BEEd
2023-0358,Joshua,Cruz,Male,3,BSBA-BE
2022-0387,Lourdes,Dela Cruz,Female,4,BSME
2023-0359,Maria,Mendoza,Female,3,BSBio
2025-0387,Kenneth,Garcia,Male,1,BSEntrep
2025-0388,Lourdes,Aquino,Female,1,BSIT
2022-0388,Jose,Reyes,Male,4,BSEd-SS
2023-0360,Therese,Dizon,Female,3,BSE
2022-0389,Juan,Villanueva,Male,4,BSEd-Eng
2023-0361,Karen,Flores,Female,3,BSEE
2025-0389,Beatriz,Ramos,Female,1,BSBio
2025-0390,Joshua,Ramos,Male,1,BALCS
2024-0402,Gabriela,Castillo,Female,2,BSPhys
2022-0390,Nicole,Flores,Female,4,BSA
2023-0362,Gabriela,Castillo,Female,3,BSEcE
2023-0363,Therese,Dela Cruz,Female,3,BSME
2024-0403,Miguel,Flores,Male,2,BALCS
2024-0404,Clarice,Dela Cruz,Female,2,BSEd-Sci
2025-0391,Monica,Dizon,Female,1,BSE
2022-0391,Lourdes,Ramos,Female,4,BSEd-Eng
2022-0392,Alejandro,Guevarra,Male,4,BSChem
2025-0392,Thomas,Santos,Male,1,BSBA-MM
2024-0405,Therese,Dizon,Female,2,BSEd-Eng
2022-0393,Lance,Ramos,Male,4,BSPhil
2025-0393,Angelo,Cruz,Male,1,BAELS
2024-0406,Angelo,Mendoza,Male,2,BSCE
2023-0364,Ana,Villanueva,Female,3,BSN
2023-0365,Juan,Perez,Male,3,BSPhys
2025-0394,Isabella,Santos,Female,1,BSE
2025-0395,Beatriz,Cruz,Female,1,BPEd
2022-0394,Gabriela,Dela Cruz,Female,4,BAELS
2022-0395,Gabriela,Dizon,Female,4,BSCE
2024-0407,Therese,Sarmiento,Female,2,BSBA-MM
2023-0366,James,Santos,Male,3,BSCA
2025-0396,Joshua,Reyes,Male,1,BSEd-SS
2024-0408,Kenneth,Mendoza,Male,2,BSCA
2022-0396,Lourdes,Dizon,Female,4,BSBA
2023-0367,Angela,Sarmiento,Female,3,BSEcE
2023-0368,Antonio,Santos,Male,3,BSMath
2025-0397,Beatriz,Aquino,Female,1,BSE
2024-0409,Kenneth,Guevarra,Male,2,BSPhil
2023-0369,Rochelle,Castillo,Female,3,BSPhil
2024-0410,Rochelle,Salvador,Female,2,BSEd-Sci
2023-0370,Josh,Reyes,Male,3,BSChem
2025-0398,Maria,Santos,Female,1,BAELS
2024-0411,Mark,Reyes,Male,2,BEEd
2022-0397,Beatriz,Perez,Female,4,BSME
2024-0412,Miguel,Mendoza,Male,2,BSPhys
2025-0399,Monica,Villanueva,Female,1,BSEd-Fil
2025-0400,Robert,Guevarra,Male,1,BSPhil
2024-0413,Beatriz,Cruz,Female,2,BAELS
2023-0371,Ana,Aquino,Female,3,BSEE
2023-0372,Therese,Bautista,Female,3,BSCE
2022-0398,Josh,Cruz,Male,4,BSCS
2025-0401,Maria,Reyes,Female,1,BSIT
2025-0402,Vincent,Salvador,Male,1,BSPsych
2023-0373,James,Ramos,Male,3,BSEd-Eng
2024-0414,Angela,Mendoza,Female,2,BSBA-BE
2024-0415,Ana,Dizon,Female,2,BSME
2024-0416,Roberto,Garcia,Male,2,BSBio
2023-0374,Vanessa,Mercado,Female,3,BSCS
2023-0375,Camille,Sarmiento,Female,3,BSPhys
2022-0399,Josh,Aquino,Male,4,BSMath
2025-0403,Gilbert,Cruz,Male,1,BSN
2025-0404,Josh,Mercado,Male,1,BSCE
2024-0417,Lance,Mendoza,Male,2,BSPhil
2025-0405,Juan,Ramos,Male,1,BSCS
2023-0376,Antonio,Cruz,Male,3,BAPsych
2023-0377,Robert,Garcia,Male,3,BSPhil
2022-0400,Thomas,Guevarra,Male,4,BSIS
2023-0378,Mark,Ramos,Male,3,BSIT
2024-0418,Lourdes,Flores,Female,2,BSMath
2024-0419,Lourdes,Garcia,Female,2,BSPhil
2022-0401,Lance,Bautista,Male,4,BSBA-MM
2023-0379,Elena,Pascual,Female,3,BSMetE
2022-0402,John,Salvador,Male,4,BSEcE
2022-0403,Beatriz,Bautista,Female,4,BALCS
2024-0420,Sofia,Cruz,Female,2,BEEd
2022-0404,Angelo,Garcia,Male,4,BSIS
2022-0405,Jasmine,Ramos,Female,4,BSBA-BE
2022-0406,Kenneth,Sarmiento,Male,4,BSA
2024-0421,Gilbert,Bautista,Male,2,BSMath
2025-0406,Isabella,Sarmiento,Female,1,BEEd
2024-0422,Nicole,Castillo,Female,2,BSChem
2023-0380,James,Garcia,Male,3,BSIS
2023-0381,Clarice,Dizon,Female,3,BAPsych
2022-0407,Patricia,Cruz,Female,4,BSIT
2024-0423,Gilbert,Santos,Male,2,BSIS
2024-0424,Therese,Cruz,Female,2,BSCS
2025-0407,Miguel,Castillo,Male,1,BSEd-SS
2025-0408,Robert,Dizon,Male,1,BSBio
2023-0382,Sofia,Villanueva,Female,3,BSEd-SS
2025-0409,Gabriela,Bautista,Female,1,BSEd-Math
2024-0425,Thomas,Salvador,Male,2,BSEd-Eng
2023-0383,Alejandro,Aquino,Male,3,BASoc
2024-0426,Angela,Garcia,Female,2,BSPsych
2025-0410,Mark,Cruz,Male,1,BAHisto
2024-0427,Patricia,Torres,Female,2,BSEd-SS
2025-0411,Clarice,Bautista,Female,1,BAELS
2023-0384,Lance,Cruz,Male,3,BSPsych
2022-0408,Nicole,Dizon,Female,4,BSIT
2023-0385,Rochelle,Torres,Female,3,BSBA
2025-0412,Beatriz,Santos,Female,1,BSEd-Fil
2023-0386,Alejandro,Santos,Male,3,BAPS
2022-0409,Lance,Ramos,Male,4,BSMath
2022-0410,Beatriz,Mendoza,Female,4,BSES
2022-0411,James,Perez,Male,4,BSBio
2022-0412,Carlos,Mendoza,Male,4,BSCE
2023-0387,Sofia,Mendoza,Female,3,BSPsych
2022-0413,Mark,Villanueva,Male,4,BSCS
2024-0428,Vanessa,Garcia,Female,2,BAELS
2024-0429,Camille,Reyes,Female,2,BSPhil
2025-0413,Camille,Pascual,Female,1,BPEd
2022-0414,James,Mercado,Male,4,BSPhil
2023-0388,Rochelle,Aquino,Female,3,BSHM
2022-0415,Thomas,Torres,Male,4,BSPsych
2025-0414,Nicole,Dizon,Female,1,BSES
2022-0416,Isabella,Mercado,Female,4,BSHM
2023-0389,Isabella,Sarmiento,Female,3,BSBio
2024-0430,Gilbert,Bautista,Male,2,BSBA-BE
2025-0415,Clarice,Aquino,Female,1,BSMath
2022-0417,Nicole,Torres,Female,4,BSBA-BE
2022-0418,James,Salvador,Male,4,BAELS
2022-0419,Sofia,Cruz,Female,4,BSEcE
2022-0420,Ana,Dela Cruz,Female,4,BSHM
2022-0421,Alejandro,Aquino,Male,4,BSEcE
2022-0422,Nicole,Dela Cruz,Female,4,BSEE
2022-0423,Gilbert,Aquino,Male,4,BSPhil
2025-0416,Clarice,Dizon,Female,1,BSCS
2023-0390,Beatriz,Cruz,Female,3,BAPS
2022-0424,Rochelle,Perez,Female,4,BAPsych
2022-0425,James,Castillo,Male,4,BAELS
2024-0431,Josh,Dizon,Male,2,BSPsych
2025-0417,Patricia,Reyes,Female,1,BSIT
2024-0432,Juan,Mendoza,Male,2,BSCA
2022-0426,Alejandro,Aquino,Male,4,BSCE
2022-0427,Vincent,Mercado,Male,4,BSChem
2024-0433,Thomas,Garcia,Male,2,BEEd
2024-0434,Monica,Cruz,Female,2,BSChem
2023-0391,Roberto,Mercado,Male,3,BSA
2022-0428,Therese,Dizon,Female,4,BASoc
2023-0392,Antonio,Reyes,Male,3,BSCS
2025-0418,Robert,Flores,Male,1,BSPhys
2025-0419,Clarice,Sarmiento,Female,1,BSBA
2025-0420,Beatriz,Perez,Female,1,BSEntrep
2023-0393,Miguel,Castillo,Male,3,BAPS
2023-0394,Therese,Villanueva,Female,3,BAPS
2023-0395,Alejandro,Reyes,Male,3,BSIT
2023-0396,Sofia,Salvador,Female,3,BSEE
2022-0429,Camille,Flores,Female,4,BSEE
2024-0435,Monica,Torres,Female,2,BSMetE
2025-0421,Elena,Reyes,Female,1,BAPsych
2023-0397,Angelo,Garcia,Male,3,BSIS
2024-0436,Roberto,Garcia,Male,2,BEEd
2022-0430,Monica,Guevarra,Female,4,BSEd-Fil
2024-0437,Maria,Flores,Female,2,BSIT
2025-0422,Joshua,Salvador,Male,1,BSE
2025-0423,Elena,Villanueva,Female,1,BSMath
2023-0398,Kenneth,Perez,Male,3,BSE
2025-0424,James,Santos,Male,1,BSChem
2023-0399,Clarice,Aquino,Female,3,BSEE
2025-0425,Kenneth,Flores,Male,1,BSHM
2024-0438,Lourdes,Ramos,Female,2,BSBA-BE
2022-0431,Josh,Flores,Male,4,BSEd-Eng
2023-0400,Therese,Santos,Female,3,BSBio
2024-0439,Karen,Guevarra,Female,2,BSEd-Math
2022-0432,Monica,Bautista,Female,4,BEEd
2025-0426,Kenneth,Castillo,Male,1,BSMath
2023-0401,Karen,Salvador,Female,3,BSEd-Eng
2022-0433,Rochelle,Aquino,Female,4,BEEd
2025-0427,Gabriela,Aquino,Female,1,BSMath
2024-0440,Roberto,Flores,Male,2,BSEcE
2024-0441,Ana,Perez,Female,2,BSMath
2024-0442,John,Torres,Male,2,BSBA-BE
2025-0428,Roberto,Sarmiento,Male,1,BSBA-BE
2025-0429,Jose,Santos,Male,1,BSEd-Fil
2025-0430,James,Mendoza,Male,1,BSES
2022-0434,Clarice,Guevarra,Female,4,BSEcE
2024-0443,Carlos,Aquino,Male,2,BSEd-SS
2024-0444,Kenneth,Reyes,Male,2,BAPsych
2023-0402,Lourdes,Ramos,Female,3,BSEd-Eng
2022-0435,Angelo,Aquino,Male,4,BSEcE
2023-0403,Roberto,Guevarra,Male,3,BSMetE
2022-0436,Karen,Mendoza,Female,4,BSCE
2022-0437,Roberto,Mercado,Male,4,BSMetE
2024-0445,Juan,Villanueva,Male,2,BSPhil
2024-0446,Isabella,Aquino,Female,2,BSE
2024-0447,John,Sarmiento,Male,2,BSBA
2022-0438,Maria,Torres,Female,4,BSCE
2025-0431,Ana,Mercado,Female,1,BSEE
2025-0432,Roberto,Cruz,Male,1,BSBA
2024-0448,Beatriz,Santos,Female,2,BSEd-Sci
2022-0439,Alejandro,Aquino,Male,4,BSPhys
2025-0433,Kenneth,Santos,Male,1,BSBA
2024-0449,Joshua,Mercado,Male,2,BSCS
2025-0434,Patricia,Dela Cruz,Female,1,BSA
2024-0450,Clarice,Salvador,Female,2,BSBA-BE
2024-0451,James,Aquino,Male,2,BSEd-Math
2022-0440,Karen,Castillo,Female,4,BSE
2023-0404,Carlos,Mercado,Male,3,BSEcE
2023-0405,Angelo,Mendoza,Male,3,BSEd-Math
2023-0406,Gilbert,Bautista,Male,3,BSBA
2022-0441,Lance,Aquino,Male,4,BSPhys
2024-0452,Kenneth,Dizon,Male,2,BAHisto
2024-0453,Carlos,Bautista,Male,2,BAHisto
2024-0454,Karen,Ramos,Female,2,BSA
2025-0435,Alejandro,Pascual,Male,1,BPEd
2025-0436,Therese,Santos,Female,1,BSIS
2025-0437,Clarice,Salvador,Female,1,BSEd-Fil
2023-0407,Vincent,Flores,Male,3,BSEE
2025-0438,Joshua,Dizon,Male,1,BPEd
2025-0439,Isabella,Bautista,Female,1,BSCA
2022-0442,Sofia,Dizon,Female,4,BSPsych
2023-0408,Mark,Bautista,Male,3,BSPhys
2025-0440,Carlos,Santos,Male,1,BPEd
2025-0441,Camille,Dizon,Female,1,BALCS
2022-0443,Maria,Perez,Female,4,BSBA-MM
2024-0455,Carlos,Ramos,Male,2,BSEntrep
2025-0442,Alejandro,Perez,Male,1,BSIT
2023-0409,Angela,Villanueva,Female,3,BSEd-Fil
2024-0456,Therese,Mendoza,Female,2,BSChem
2024-0457,Nicole,Cruz,Female,2,BSE
2023-0410,Jose,Garcia,Male,3,BSEd-Eng
2022-0444,Therese,Villanueva,Female,4,BSPhil
2024-0458,Vanessa,Villanueva,Female,2,BSPsych
2024-0459,Josh,Salvador,Male,2,BPEd
2025-0443,Jasmine,Dizon,Female,1,BSMath
2022-0445,Isabella,Mendoza,Female,4,BSBA-BE
2024-0460,Sofia,Dizon,Female,2,BSEntrep
2025-0444,Juan,Mendoza,Male,1,BSN
2023-0411,Antonio,Dizon,Male,3,BSEE
2025-0445,Alejandro,Bautista,Male,1,BSPhil
2025-0446,Clarice,Cruz,Female,1,BSBA
2024-0461,Maria,Bautista,Female,2,BSEE
2024-0462,Kenneth,Mercado,Male,2,BSCE
2023-0412,Monica,Sarmiento,Female,3,BEEd
2024-0463,Nicole,Castillo,Female,2,BSEcE
2023-0413,Alejandro,Ramos,Male,3,BSEE
2023-0414,Vanessa,Aquino,Female,3,BSChem
2025-0447,Carlos,Pascual,Male,1,BSBA
2022-0446,Vanessa,Ramos,Female,4,BSEntrep
2024-0464,Therese,Dela Cruz,Female,2,BSEd-Math
2024-0465,Thomas,Garcia,Male,2,BSBA
2022-0447,Alejandro,Dizon,Male,4,BSChem
2025-0448,Jose,Sarmiento,Male,1,BSEcE
2022-0448,Isabella,Dizon,Female,4,BSBA-BE
2025-0449,Gabriela,Bautista,Female,1,BSEd-Eng
2022-0449,Angelo,Cruz,Male,4,BSChem
2024-0466,Vincent,Dizon,Male,2,BSCS
2022-0450,Juan,Guevarra,Male,4,BSES
2025-0450,Miguel,Castillo,Male,1,BSPhys
2024-0467,Rochelle,Pascual,Female,2,BSPhys
2024-0468,Rochelle,Ramos,Female,2,BSMath
2024-0469,Gilbert,Dizon,Male,2,BSEd-Eng
2022-0451,Sofia,Santos,Female,4,BALCS
2022-0452,Juan,Castillo,Male,4,BPEd
2022-0453,Gilbert,Dizon,Male,4,BSPhil
2025-0451,Mark,Santos,Male,1,BSBA-BE
2025-0452,Jose,Villanueva,Male,1,BEEd
2022-0454,Angelo,Ramos,Male,4,BSPsych
2025-0453,Antonio,Mercado,Male,1,BSPhil
2022-0455,Ana,Santos,Female,4,BSHM
2025-0454,Isabella,Garcia,Female,1,BSN
2024-0470,Mark,Bautista,Male,2,BSES
2023-0415,Mark,Guevarra,Male,3,BSEd-Sci
2022-0456,Jose,Dela Cruz,Male,4,BSEd-SS
2025-0455,Elena,Pascual,Female,1,BSEntrep
2022-0457,Gilbert,Dizon,Male,4,BSHM
2025-0456,Rochelle,Sarmiento,Female,1,BSEd-Eng
2024-0471,Lourdes,Perez,Female,2,BEEd
2025-0457,Christine,Mendoza,Female,1,BSBA
2022-0458,Christine,Guevarra,Female,4,BSN
2025-0458,Maria,Salvador,Female,1,BSMetE
2022-0459,Kenneth,Pascual,Male,4,BSBA
2022-0460,Alejandro,Sarmiento,Male,4,BSCA
2022-0461,Gabriela,Santos,Female,4,BSBio
2022-0462,Alejandro,Torres,Male,4,BSBA-MM
2023-0416,Carlos,Reyes,Male,3,BSPhys
2023-0417,Camille,Cruz,Female,3,BAELS
2024-0472,Maria,Guevarra,Female,2,BSEd-Math
2024-0473,John,Mercado,Male,2,BSEE
2025-0459,Joshua,Sarmiento,Male,1,BSEd-Math
2022-0463,Alejandro,Sarmiento,Male,4,BSHM
2024-0474,Antonio,Salvador,Male,2,BSEd-Sci
2024-0475,James,Sarmiento,Male,2,BSEcE
2024-0476,Miguel,Sarmiento,Male,2,BSBio
2022-0464,Nicole,Flores,Female,4,BSPhys
2023-0418,Vincent,Aquino,Male,3,BSEd-Fil
2023-0419,Maria,Flores,Female,3,BSA
2024-0477,Josh,Dela Cruz,Male,2,BSEd-SS
2023-0420,James,Guevarra,Male,3,BSN
2022-0465,Vincent,Dizon,Male,4,BSCA
2025-0460,Robert,Pascual,Male,1,BSCE
2024-0478,Clarice,Villanueva,Female,2,BSHM
2022-0466,Vincent,Cruz,Male,4,BSEcE
2024-0479,Miguel,Aquino,Male,2,BSBA-MM
2023-0421,Carlos,Dizon,Male,3,BSChem
2022-0467,Joshua,Dizon,Male,4,BAPsych
2025-0461,Monica,Sarmiento,Female,1,BSPhys
2022-0468,Vanessa,Sarmiento,Female,4,BSN
2025-0462,Monica,Bautista,Female,1,BSEntrep
2022-0469,Juan,Ramos,Male,4,BSEd-SS
2024-0480,Vanessa,Mendoza,Female,2,BSEd-SS
2024-0481,Beatriz,Perez,Female,2,BAPsych
2023-0422,Miguel,Bautista,Male,3,BSEd-Eng
2022-0470,Rochelle,Villanueva,Female,4,BSEd-Eng
2024-0482,Roberto,Villanueva,Male,2,BSCA
2023-0423,Nicole,Flores,Female,3,BSEd-Fil
2022-0471,Sofia,Villanueva,Female,4,BEEd
2022-0472,Vanessa,Torres,Female,4,BSPsych
2024-0483,John,Villanueva,Male,2,BSHM
2025-0463,Jasmine,Garcia,Female,1,BSPsych
2023-0424,Jose,Sarmiento,Male,3,BAPS
2024-0484,Lourdes,Sarmiento,Female,2,BPEd
2025-0464,Vincent,Mercado,Male,1,BSPsych
2023-0425,Mark,Pascual,Male,3,BSHM
2022-0473,Camille,Dizon,Female,4,BSEd-Fil
2022-0474,Lance,Mercado,Male,4,BSHM
2022-0475,Jasmine,Santos,Female,4,BSMetE
2023-0426,Therese,Garcia,Female,3,BSPhil
2024-0485,Maria,Mendoza,Female,2,BSCS
2022-0476,Maria,Villanueva,Female,4,BASoc
2025-0465,Therese,Dizon,Female,1,BAPsych
2025-0466,Christine,Mercado,Female,1,BEEd
2024-0486,Miguel,Ramos,Male,2,BSHM
2023-0427,Nicole,Dizon,Female,3,BAPsych
2022-0477,Maria,Dizon,Female,4,BSES
2025-0467,Therese,Reyes,Female,1,BSIT
2024-0487,Monica,Castillo,Female,2,BSEcE
2025-0468,Lance,Santos,Male,1,BSEntrep
2024-0488,Lourdes,Dela Cruz,Female,2,BSPhys
2024-0489,James,Reyes,Male,2,BSEd-Eng
2023-0428,Gilbert,Aquino,Male,3,BSIT
2022-0478,Joshua,Reyes,Male,4,BSBA
2025-0469,Joshua,Mercado,Male,1,BAELS
2024-0490,Clarice,Mendoza,Female,2,BSIT
2025-0470,Miguel,Salvador,Male,1,BSME
2023-0429,Elena,Garcia,Female,3,BSBA-MM
2022-0479,Jose,Torres,Male,4,BSMath
2023-0430,Camille,Guevarra,Female,3,BEEd
2025-0471,Karen,Garcia,Female,1,BSEd-Sci
2023-0431,Clarice,Torres,Female,3,BSBio
2022-0480,Mark,Ramos,Male,4,BSMath
2024-0491,Nicole,Sarmiento,Female,2,BSMetE
2025-0472,Nicole,Villanueva,Female,1,BAPS
2023-0432,Patricia,Flores,Female,3,BSEcE
2025-0473,Kenneth,Ramos,Male,1,BSBio
2025-0474,Ana,Cruz,Female,1,BSEcE
2025-0475,Elena,Flores,Female,1,BSBA-BE
2022-0481,Jasmine,Mercado,Female,4,BSEcE
2024-0492,Sofia,Sarmiento,Female,2,BSEntrep
2023-0433,Rochelle,Flores,Female,3,BSA
2025-0476,James,Sarmiento,Male,1,BSHM
2023-0434,Elena,Salvador,Female,3,BSIS
2025-0477,Karen,Guevarra,Female,1,BSBA-BE
2022-0482,Kenneth,Reyes,Male,4,BSEd-Sci
2023-0435,Nicole,Flores,Female,3,BSBA
2025-0478,John,Salvador,Male,1,BSES
2025-0479,Gabriela,Garcia,Female,1,BSCA
2024-0493,Therese,Santos,Female,2,BSBA-MM
2022-0483,Camille,Torres,Female,4,BSPhys
2023-0436,Carlos,Mendoza,Male,3,BSPsych
2025-0480,Roberto,Aquino,Male,1,BSHM
2022-0484,Therese,Ramos,Female,4,BSBA-BE
2023-0437,Roberto,Flores,Male,3,BSME
2024-0494,Jose,Cruz,Male,2,BALCS
2023-0438,Monica,Dela Cruz,Female,3,BSEE
2024-0495,John,Castillo,Male,2,BSEd-Math
2025-0481,Juan,Torres,Male,1,BSBA-MM
2025-0482,Elena,Ramos,Female,1,BSEd-Sci
2025-0483,Maria,Torres,Female,1,BSEntrep
2024-0496,Gilbert,Reyes,Male,2,BSEE
2023-0439,Ana,Ramos,Female,3,BSEd-Eng
2022-0485,James,Aquino,Male,4,BSMath
2025-0484,Elena,Cruz,Female,1,BAELS
2024-0497,Maria,Dela Cruz,Female,2,BPEd
2024-0498,Lourdes,Mendoza,Female,2,BSCA
2024-0499,Kenneth,Aquino,Male,2,BSEd-Fil
2022-0486,Vincent,Villanueva,Male,4,BAPS
2023-0440,James,Mendoza,Male,3,BSEE
2023-0441,Joshua,Dizon,Male,3,BAELS
2025-0485,Robert,Reyes,Male,1,BSMetE
2023-0442,Lance,Dela Cruz,Male,3,BSEntrep
2023-0443,Elena,Villanueva,Female,3,BAELS
2025-0486,Rochelle,Pascual,Female,1,BSME
2025-0487,Juan,Dizon,Male,1,BSCS
2024-0500,Angelo,Garcia,Male,2,BSEE
2024-0501,Ana,Cruz,Female,2,BALCS
2023-0444,Sofia,Ramos,Female,3,BSBio
2024-0502,Josh,Cruz,Male,2,BASoc
2022-0487,Monica,Dizon,Female,4,BPEd
2025-0488,Antonio,Aquino,Male,1,BASoc
2024-0503,Gilbert,Torres,Male,2,BAELS
2025-0489,Camille,Flores,Female,1,BSE
2022-0488,Gabriela,Castillo,Female,4,BASoc
2025-0490,Nicole,Mendoza,Female,1,BASoc
2023-0445,John,Dizon,Male,3,BAPsych
2024-0504,Kenneth,Ramos,Male,2,BSIS
2025-0491,Alejandro,Aquino,Male,1,BSEd-Eng
2023-0446,James,Santos,Male,3,BSEd-Sci
2022-0489,Juan,Pascual,Male,4,BAHisto
2023-0447,Carlos,Dizon,Male,3,BAHisto
2025-0492,Therese,Dela Cruz,Female,1,BSN
2024-0505,Kenneth,Cruz,Male,2,BSChem
2023-0448,Kenneth,Mendoza,Male,3,BSEcE
2022-0490,Nicole,Flores,Female,4,BSPhil
2022-0491,Maria,Perez,Female,4,BSBA-BE
2024-0506,Gilbert,Aquino,Male,2,BSEd-Sci
2025-0493,Lance,Villanueva,Male,1,BSHM
2025-0494,Vincent,Flores,Male,1,BAPsych
2023-0449,Gabriela,Guevarra,Female,3,BAPsych
2024-0507,Nicole,Cruz,Female,2,BALCS
2024-0508,Beatriz,Guevarra,Female,2,BSEE
2025-0495,James,Aquino,Male,1,BAPsych
2025-0496,Christine,Reyes,Female,1,BSA
2022-0492,Robert,Dizon,Male,4,BSEcE
2023-0450,Alejandro,Mendoza,Male,3,BAPS
2025-0497,Therese,Dela Cruz,Female,1,BSES
2025-0498,Vanessa,Guevarra,Female,1,BSMetE
2025-0499,Rochelle,Flores,Female,1,BAPS
2022-0493,Christine,Flores,Female,4,BSEE
2023-0451,Isabella,Sarmiento,Female,3,BSCE
2025-0500,Roberto,Castillo,Male,1,BSEntrep
2024-0509,Clarice,Dizon,Female,2,BAPsych
2025-0501,Ana,Salvador,Female,1,BSPhil
2024-0510,Nicole,Mercado,Female,2,BSA
2025-0502,Robert,Sarmiento,Male,1,BSMetE
2024-0511,Miguel,Pascual,Male,2,BSCS
2024-0512,Angela,Reyes,Female,2,BSEd-Math
2024-0513,Patricia,Garcia,Female,2,BAHisto
2025-0503,Juan,Perez,Male,1,BSPhil
2025-0504,Camille,Guevarra,Female,1,BSIS
2025-0505,Christine,Guevarra,Female,1,BSChem
2022-0494,Therese,Torres,Female,4,BSBA-BE
2022-0495,Isabella,Reyes,Female,4,BAPsych
2025-0506,James,Ramos,Male,1,BSEcE
2024-0514,Patricia,Santos,Female,2,BAHisto
2022-0496,Sofia,Torres,Female,4,BSEd-Sci
2025-0507,Lance,Guevarra,Male,1,BSMetE
2024-0515,Patricia,Garcia,Female,2,BAELS
2024-0516,Jose,Torres,Male,2,BSBA-MM
2024-0517,Therese,Castillo,Female,2,BSBA
2025-0508,Robert,Reyes,Male,1,BSES
2022-0497,Antonio,Dizon,Male,4,BSE
2025-0509,Beatriz,Villanueva,Female,1,BSEE
2024-0518,Elena,Dela Cruz,Female,2,BSEd-Eng
2022-0498,Angela,Flores,Female,4,BSBio
2023-0452,Therese,Sarmiento,Female,3,BSEd-Fil
2022-0499,Antonio,Villanueva,Male,4,BAPsych
2022-0500,Robert,Perez,Male,4,BSEd-SS
2022-0501,Jose,Aquino,Male,4,BSME
2025-0510,Therese,Pascual,Female,1,BSPhys
2023-0453,John,Dizon,Male,3,BSEd-Sci
2023-0454,Mark,Salvador,Male,3,BSA
2025-0511,Patricia,Salvador,Female,1,BSCA
2025-0512,Angela,Perez,Female,1,BSMetE
2024-0519,Juan,Salvador,Male,2,BSME
2025-0513,Miguel,Aquino,Male,1,BPEd
2024-0520,John,Pascual,Male,2,BSEntrep
2025-0514,Angela,Sarmiento,Female,1,BSEcE
2023-0455,Gilbert,Dizon,Male,3,BSCS
2025-0515,Gilbert,Ramos,Male,1,BSMetE
2023-0456,Jasmine,Reyes,Female,3,BEEd
2023-0457,Camille,Cruz,Female,3,BAELS
2022-0502,Lourdes,Mendoza,Female,4,BSIT
2023-0458,Vanessa,Aquino,Female,3,BSPhys
2022-0503,Ana,Garcia,Female,4,BEEd
2025-0516,Mark,Salvador,Male,1,BSCA
2023-0459,Clarice,Sarmiento,Female,3,BSEd-Eng
2023-0460,Vincent,Santos,Male,3,BSMath
2025-0517,Alejandro,Garcia,Male,1,BAHisto
2023-0461,Mark,Ramos,Male,3,BSEd-Math
2023-0462,Kenneth,Cruz,Male,3,BAHisto
2025-0518,Kenneth,Villanueva,Male,1,BSEd-Eng
2022-0504,Therese,Perez,Female,4,BSBio
2022-0505,Josh,Salvador,Male,4,BSIT
2024-0521,Angelo,Cruz,Male,2,BSCS
2022-0506,Gilbert,Castillo,Male,4,BSES
2022-0507,Josh,Torres,Male,4,BSMetE
2023-0463,Joshua,Bautista,Male,3,BSME
2023-0464,Rochelle,Torres,Female,3,BSCE
2022-0508,Vanessa,Flores,Female,4,BSBio
2023-0465,Mark,Mendoza,Male,3,BSEcE
2023-0466,James,Garcia,Male,3,BALCS
2023-0467,Rochelle,Santos,Female,3,BSEntrep
2023-0468,Robert,Dizon,Male,3,BSEd-Sci
2023-0469,Josh,Torres,Male,3,BSEd-Math
2022-0509,Therese,Dizon,Female,4,BSEd-Math
2025-0519,Lourdes,Santos,Female,1,BSE
2022-0510,Alejandro,Mercado,Male,4,BSMath
2023-0470,James,Dizon,Male,3,BSChem
2022-0511,Nicole,Sarmiento,Female,4,BSBio
2025-0520,Josh,Sarmiento,Male,1,BSEd-Sci
2025-0521,Elena,Pascual,Female,1,BEEd
2025-0522,Jasmine,Dela Cruz,Female,1,BSEd-Eng
2022-0512,Joshua,Santos,Male,4,BSChem
2022-0513,Therese,Salvador,Female,4,BAELS
2022-0514,Beatriz,Pascual,Female,4,BSE
2025-0523,Therese,Reyes,Female,1,BSBA-MM
2025-0524,Lourdes,Perez,Female,1,BSMath
2023-0471,Vanessa,Reyes,Female,3,BSIT
2024-0522,Patricia,Villanueva,Female,2,BSEd-Fil
2023-0472,Monica,Salvador,Female,3,BSEntrep
2023-0473,Angela,Pascual,Female,3,BSEd-Fil
2024-0523,Lourdes,Mercado,Female,2,BSMath
2023-0474,Gilbert,Ramos,Male,3,BSEE
2024-0524,James,Guevarra,Male,2,BSIT
2025-0525,Clarice,Reyes,Female,1,BSMath
2023-0475,Karen,Cruz,Female,3,BSPsych
2022-0515,Monica,Bautista,Female,4,BSA
2023-0476,Jose,Cruz,Male,3,BSCS
2022-0516,Roberto,Torres,Male,4,BSEcE
2024-0525,Josh,Dizon,Male,2,BSBA-MM
2025-0526,Miguel,Pascual,Male,1,BAELS
2023-0477,Antonio,Castillo,Male,3,BSEd-SS
2022-0517,Miguel,Dela Cruz,Male,4,BSBA-BE
2023-0478,Nicole,Pascual,Female,3,BSEd-Eng
2024-0526,Lourdes,Pascual,Female,2,BSMetE
2025-0527,Monica,Torres,Female,1,BSN
2022-0518,Maria,Torres,Female,4,BSBA-MM
2025-0528,Therese,Cruz,Female,1,BSChem
2025-0529,Joshua,Flores,Male,1,BSES
2023-0479,Jose,Mercado,Male,3,BSN
2023-0480,Christine,Mendoza,Female,3,BSIT
2024-0527,Angela,Flores,Female,2,BSN
2022-0519,Mark,Aquino,Male,4,BSEcE
2025-0530,Lourdes,Garcia,Female,1,BSES
2025-0531,Isabella,Mendoza,Female,1,BSPhil
2022-0520,Roberto,Cruz,Male,4,BSBA-BE
2023-0481,Patricia,Dizon,Female,3,BSME
2023-0482,Antonio,Flores,Male,3,BASoc
2025-0532,Isabella,Torres,Female,1,BSEd-SS
2024-0528,Juan,Aquino,Male,2,BSEcE
2025-0533,Roberto,Dizon,Male,1,BSIT
2023-0483,Christine,Ramos,Female,3,BASoc
2025-0534,Juan,Guevarra,Male,1,BALCS
2024-0529,Thomas,Dizon,Male,2,BSEntrep
2024-0530,Josh,Dela Cruz,Male,2,BSPhil
2025-0535,Nicole,Aquino,Female,1,BEEd
2025-0536,Miguel,Pascual,Male,1,BSA
2025-0537,Roberto,Villanueva,Male,1,BSEntrep
2023-0484,Therese,Flores,Female,3,BSEd-SS
2025-0538,Angela,Bautista,Female,1,BSIT
2023-0485,Joshua,Castillo,Male,3,BPEd
2025-0539,Angela,Flores,Female,1,BAHisto
2022-0521,Monica,Villanueva,Female,4,BSES
2025-0540,Robert,Dela Cruz,Male,1,BSEd-Eng
2024-0531,Thomas,Ramos,Male,2,BSPhil
2024-0532,Vanessa,Torres,Female,2,BSHM
2024-0533,Nicole,Flores,Female,2,BASoc
2025-0541,Christine,Flores,Female,1,BSBA-MM
2025-0542,Christine,Guevarra,Female,1,BSE
2024-0534,Patricia,Garcia,Female,2,BSIS
2024-0535,Lourdes,Torres,Female,2,BEEd
2023-0486,Karen,Reyes,Female,3,BALCS
2024-0536,Isabella,Dizon,Female,2,BSEd-Eng
2024-0537,Isabella,Mercado,Female,2,BAPS
2023-0487,Therese,Mendoza,Female,3,BSE
2022-0522,Beatriz,Dela Cruz,Female,4,BSE
2023-0488,Therese,Perez,Female,3,BSBio
2024-0538,Karen,Castillo,Female,2,BSPhil
2023-0489,Miguel,Salvador,Male,3,BEEd
2024-0539,Alejandro,Reyes,Male,2,BSEd-SS
2025-0543,Therese,Dela Cruz,Female,1,BAHisto
2022-0523,Isabella,Bautista,Female,4,BSPsych
2023-0490,Patricia,Castillo,Female,3,BEEd
2024-0540,Maria,Cruz,Female,2,BSChem
2022-0524,Kenneth,Villanueva,Male,4,BSPhys
2024-0541,Miguel,Pascual,Male,2,BSN
2022-0525,Elena,Villanueva,Female,4,BSEcE
2022-0526,Karen,Torres,Female,4,BSA
2023-0491,Roberto,Mendoza,Male,3,BSPsych
2022-0527,Miguel,Salvador,Male,4,BSMetE
2024-0542,Angela,Cruz,Female,2,BSEd-Sci
2025-0544,Antonio,Bautista,Male,1,BSEcE
2025-0545,Clarice,Reyes,Female,1,BSME
2023-0492,Therese,Castillo,Female,3,BSPsych
2022-0528,Angelo,Dela Cruz,Male,4,BSCE
2022-0529,Miguel,Cruz,Male,4,BAPS
2022-0530,Joshua,Flores,Male,4,BSBA-MM
2023-0493,Sofia,Perez,Female,3,BSBA
2022-0531,Alejandro,Reyes,Male,4,BSME
2025-0546,Robert,Flores,Male,1,BSEcE
2025-0547,Angelo,Dela Cruz,Male,1,BSPhil
2025-0548,Juan,Ramos,Male,1,BSME
2024-0543,Monica,Villanueva,Female,2,BSIT
2023-0494,Angela,Bautista,Female,3,BAELS
2024-0544,Kenneth,Aquino,Male,2,BSME
2023-0495,Camille,Torres,Female,3,BSChem
2025-0549,Jose,Pascual,Male,1,BSA
2025-0550,Clarice,Garcia,Female,1,BSES
2023-0496,Monica,Sarmiento,Female,3,BSCE
2024-0545,Gilbert,Guevarra,Male,2,BAPS
2022-0532,Thomas,Dela Cruz,Male,4,BSBio
2024-0546,Monica,Mercado,Female,2,BSChem
2023-0497,Lourdes,Garcia,Female,3,BSEd-Sci
2024-0547,Robert,Villanueva,Male,2,BSBA
2023-0498,John,Dizon,Male,3,BEEd
2023-0499,Alejandro,Salvador,Male,3,BSHM
2022-0533,John,Santos,Male,4,BAELS
2025-0551,Isabella,Castillo,Female,1,BSMath
2023-0500,Mark,Aquino,Male,3,BSCE
2025-0552,Maria,Villanueva,Female,1,BSBA-MM
2022-0534,Beatriz,Cruz,Female,4,BSHM
2025-0553,Roberto,Guevarra,Male,1,BSMetE
2022-0535,Antonio,Salvador,Male,4,BAPS
2022-0536,Isabella,Castillo,Female,4,BSHM
2023-0501,Thomas,Dizon,Male,3,BAPsych
2025-0554,Therese,Perez,Female,1,BSE
2025-0555,Josh,Pascual,Male,1,BSEd-SS
2022-0537,Gilbert,Santos,Male,4,BSEntrep
2022-0538,Jose,Reyes,Male,4,BPEd
2025-0556,Angelo,Aquino,Male,1,BSEcE
2022-0539,Maria,Dizon,Female,4,BAHisto
2024-0548,Beatriz,Garcia,Female,2,BSBA
2025-0557,Christine,Dizon,Female,1,BSPhys
2025-0558,Angela,Flores,Female,1,BSChem
2022-0540,Joshua,Ramos,Male,4,BSMetE
2024-0549,Vanessa,Bautista,Female,2,BSEd-Fil
2022-0541,Lance,Mendoza,Male,4,BSN
2022-0542,James,Mendoza,Male,4,BPEd
2025-0559,Angela,Pascual,Female,1,BSBio
2024-0550,Kenneth,Cruz,Male,2,BSPhil
2025-0560,Angela,Salvador,Female,1,BSPsych
2022-0543,James,Guevarra,Male,4,BSEntrep
2025-0561,Robert,Torres,Male,1,BSEd-Sci
2023-0502,Camille,Torres,Female,3,BSCE
2024-0551,Rochelle,Pascual,Female,2,BSEE
2023-0503,Jasmine,Aquino,Female,3,BSCS
2024-0552,Mark,Salvador,Male,2,BSCA
2022-0544,Jasmine,Pascual,Female,4,BSEcE
2023-0504,Carlos,Dizon,Male,3,BSEd-Sci
2023-0505,Clarice,Bautista,Female,3,BSE
2023-0506,Clarice,Perez,Female,3,BSEE
2024-0553,John,Cruz,Male,2,BSPhil
2025-0562,Robert,Flores,Male,1,BASoc
2023-0507,Beatriz,Torres,Female,3,BSME
2024-0554,Therese,Villanueva,Female,2,BSBA-BE
2024-0555,Jose,Mendoza,Male,2,BAPsych
2024-0556,Beatriz,Castillo,Female,2,BSBA
2025-0563,Beatriz,Castillo,Female,1,BSA
2025-0564,Patricia,Mendoza,Female,1,BSA
2023-0508,Josh,Villanueva,Male,3,BSMath
2025-0565,John,Dizon,Male,1,BSPsych
2022-0545,Miguel,Mercado,Male,4,BSEd-Math
2025-0566,Therese,Dela Cruz,Female,1,BSChem
2023-0509,Karen,Bautista,Female,3,BAHisto
2024-0557,Angela,Mercado,Female,2,BSIS
2022-0546,Lance,Dela Cruz,Male,4,BSIS
2025-0567,Beatriz,Dizon,Female,1,BSIS
2023-0510,Roberto,Ramos,Male,3,BSEd-Sci
2024-0558,Juan,Villanueva,Male,2,BSPhil
2024-0559,Antonio,Guevarra,Male,2,BSCE
2025-0568,Miguel,Dela Cruz,Male,1,BPEd
2024-0560,Mark,Torres,Male,2,BSEcE
2024-0561,Gilbert,Pascual,Male,2,BSEd-Sci
2022-0547,Vincent,Salvador,Male,4,BASoc
2024-0562,Angela,Flores,Female,2,BSPhys
2024-0563,Rochelle,Castillo,Female,2,BALCS
2024-0564,Miguel,Salvador,Male,2,BALCS
2022-0548,John,Guevarra,Male,4,BSEcE
2022-0549,Elena,Pascual,Female,4,BPEd
2022-0550,Therese,Perez,Female,4,BSEcE
2023-0511,Antonio,Pascual,Male,3,BSBA-MM
2025-0569,Jose,Salvador,Male,1,BPEd
2025-0570,Thomas,Guevarra,Male,1,BAPsych
2022-0551,Roberto,Ramos,Male,4,BSMath
2025-0571,Monica,Torres,Female,1,BSPsych
2024-0565,Lance,Dizon,Male,2,BSChem
2022-0552,Clarice,Pascual,Female,4,BPEd
2022-0553,Sofia,Sarmiento,Female,4,BSEntrep
2023-0512,Sofia,Flores,Female,3,BSPsych
2023-0513,James,Salvador,Male,3,BSHM
2022-0554,Rochelle,Reyes,Female,4,BSBA
2022-0555,Robert,Guevarra,Male,4,BAHisto
2022-0556,Thomas,Reyes,Male,4,BSEcE
2023-0514,Alejandro,Santos,Male,3,BSA
2025-0572,Vanessa,Sarmiento,Female,1,BEEd
2025-0573,Camille,Cruz,Female,1,BSMetE
2022-0557,Nicole,Torres,Female,4,BSEE
2025-0574,James,Ramos,Male,1,BAHisto
2024-0566,Clarice,Dizon,Female,2,BSCS
2022-0558,Lance,Reyes,Male,4,BSEd-SS
2023-0515,Sofia,Dizon,Female,3,BSEd-SS
2022-0559,Antonio,Flores,Male,4,BSIS
2023-0516,Thomas,Salvador,Male,3,BSIS
2022-0560,Lourdes,Salvador,Female,4,BSEd-SS
2025-0575,Patricia,Sarmiento,Female,1,BSIS
2023-0517,Gilbert,Salvador,Male,3,BSPhil
2023-0518,Vanessa,Flores,Female,3,BSEcE
2024-0567,Sofia,Sarmiento,Female,2,BSCE
2025-0576,Angelo,Flores,Male,1,BEEd
2024-0568,Carlos,Dizon,Male,2,BSEcE
2025-0577,Roberto,Flores,Male,1,BSChem
2024-0569,Karen,Bautista,Female,2,BSIT
2025-0578,Angelo,Flores,Male,1,BAHisto
2024-0570,Jose,Dizon,Male,2,BASoc
2025-0579,Carlos,Santos,Male,1,BSCA
2025-0580,John,Garcia,Male,1,BSBA-BE
2025-0581,Rochelle,Castillo,Female,1,BSEE
2023-0519,Sofia,Aquino,Female,3,BSChem
2025-0582,Vincent,Torres,Male,1,BSEd-Eng
2023-0520,Mark,Aquino,Male,3,BSIT
2025-0583,Beatriz,Dizon,Female,1,BALCS
2023-0521,Mark,Flores,Male,3,BSEd-Sci
2023-0522,Miguel,Cruz,Male,3,BSE
2023-0523,Jasmine,Dizon,Female,3,BSBio
2025-0584,Sofia,Ramos,Female,1,BSCA
2023-0524,Lance,Pascual,Male,3,BSEd-Math
2022-0561,Rochelle,Garcia,Female,4,BSPhys
2023-0525,Beatriz,Dizon,Female,3,BSPhil
2025-0585,Lourdes,Bautista,Female,1,BAPS
2024-0571,Mark,Sarmiento,Male,2,BASoc
2023-0526,Thomas,Torres,Male,3,BSBio
2024-0572,Jasmine,Flores,Female,2,BSEd-Eng
2025-0586,Roberto,Ramos,Male,1,BSCS
2025-0587,Isabella,Pascual,Female,1,BSCA
2025-0588,Robert,Flores,Male,1,BAPsych
2025-0589,Elena,Guevarra,Female,1,BAPsych
2024-0573,Kenneth,Guevarra,Male,2,BSChem
2024-0574,Thomas,Pascual,Male,2,BAHisto
2022-0562,Joshua,Perez,Male,4,BSE
2023-0527,Antonio,Pascual,Male,3,BSBio
2023-0528,Gabriela,Bautista,Female,3,BAPsych
2022-0563,Carlos,Garcia,Male,4,BSCE
2022-0564,Sofia,Garcia,Female,4,BSEd-Eng
2022-0565,Gabriela,Castillo,Female,4,BSEntrep
2024-0575,Angela,Aquino,Female,2,BAPS
2024-0576,Therese,Reyes,Female,2,BSEE
2025-0590,Elena,Perez,Female,1,BSMetE
2022-0566,Beatriz,Perez,Female,4,BSBA
2023-0529,James,Guevarra,Male,3,BSEntrep
2024-0577,James,Mercado,Male,2,BSEd-Sci
2025-0591,Camille,Bautista,Female,1,BSEd-Fil
2022-0567,Gilbert,Mercado,Male,4,BSEd-Fil
2023-0530,Roberto,Flores,Male,3,BSEcE
2023-0531,James,Villanueva,Male,3,BSBA
2025-0592,Roberto,Bautista,Male,1,BSE
2022-0568,Rochelle,Pascual,Female,4,BPEd
2024-0578,Sofia,Reyes,Female,2,BSIT
2024-0579,Kenneth,Aquino,Male,2,BSChem
2025-0593,Robert,Reyes,Male,1,BSCS
2022-0569,Roberto,Bautista,Male,4,BSEd-Eng
2024-0580,James,Mercado,Male,2,BSIS
2024-0581,Jose,Villanueva,Male,2,BAPsych
2025-0594,Sofia,Pascual,Female,1,BSEd-Math
2023-0532,Patricia,Aquino,Female,3,BSCE
2023-0533,Beatriz,Torres,Female,3,BSA
2025-0595,Lance,Dizon,Male,1,BSPhys
2025-0596,Patricia,Santos,Female,1,BAPsych
2023-0534,Monica,Pascual,Female,3,BAHisto
2025-0597,Clarice,Dizon,Female,1,BAELS
2024-0582,Vanessa,Torres,Female,2,BSHM
2022-0570,Jasmine,Bautista,Female,4,BASoc
2024-0583,Angelo,Mendoza,Male,2,BSEd-Fil
2024-0584,Vanessa,Bautista,Female,2,BSN
2025-0598,John,Aquino,Male,1,BSEd-Math
2022-0571,Joshua,Garcia,Male,4,BSBA
2024-0585,Mark,Mendoza,Male,2,BSIS
2025-0599,Rochelle,Guevarra,Female,1,BSEE
2022-0572,Camille,Pascual,Female,4,BALCS
2024-0586,Therese,Villanueva,Female,2,BSChem
2022-0573,Antonio,Dizon,Male,4,BSME
2024-0587,Carlos,Ramos,Male,2,BSEd-Sci
2022-0574,John,Guevarra,Male,4,BSE
2022-0575,Elena,Torres,Female,4,BAHisto
2024-0588,Thomas,Bautista,Male,2,BSChem
2023-0535,Beatriz,Mendoza,Female,3,BSHM
2022-0576,Alejandro,Ramos,Male,4,BSEd-Fil
2022-0577,Angelo,Pascual,Male,4,BASoc
2023-0536,Sofia,Dizon,Female,3,BSHM
2025-0600,Maria,Sarmiento,Female,1,BSA
2025-0601,Thomas,Perez,Male,1,BSBA
2025-0602,John,Dizon,Male,1,BSBA-MM
2023-0537,Alejandro,Garcia,Male,3,BAELS
2024-0589,Joshua,Pascual,Male,2,BSE
2023-0538,Juan,Pascual,Male,3,BSChem
2025-0603,Gabriela,Castillo,Female,1,BSBA-BE
2024-0590,Rochelle,Torres,Female,2,BEEd
2025-0604,Mark,Perez,Male,1,BSN
2024-0591,Rochelle,Garcia,Female,2,BSBA
2025-0605,Angelo,Dizon,Male,1,BALCS
2023-0539,Maria,Garcia,Female,3,BSChem
2022-0578,Miguel,Mercado,Male,4,BSEd-Sci
2022-0579,Thomas,Santos,Male,4,BAHisto
2023-0540,Rochelle,Villanueva,Female,3,BSEcE
2024-0592,Carlos,Salvador,Male,2,BSCE
2025-0606,Karen,Sarmiento,Female,1,BSBio
2022-0580,Maria,Villanueva,Female,4,BAPS
2025-0607,James,Santos,Male,1,BSN
2024-0593,Angelo,Salvador,Male,2,BAHisto
2022-0581,Angelo,Cruz,Male,4,BSMath
2023-0541,Maria,Guevarra,Female,3,BSCA
2024-0594,Carlos,Flores,Male,2,BSEE
2023-0542,Nicole,Salvador,Female,3,BEEd
2024-0595,Elena,Cruz,Female,2,BSEd-Eng
2023-0543,Beatriz,Torres,Female,3,BSPhil
2024-0596,Antonio,Castillo,Male,2,BSCE
2024-0597,James,Pascual,Male,2,BAELS
2025-0608,Nicole,Perez,Female,1,BAELS
2023-0544,Gabriela,Cruz,Female,3,BAELS
2023-0545,Jose,Dizon,Male,3,BSHM
2022-0582,Thomas,Santos,Male,4,BASoc
2025-0609,Angela,Salvador,Female,1,BSEntrep
2023-0546,Isabella,Santos,Female,3,BSIT
2022-0583,Angelo,Villanueva,Male,4,BSEcE
2025-0610,James,Santos,Male,1,BSEE
2023-0547,Gabriela,Pascual,Female,3,BSE
2022-0584,Lourdes,Dizon,Female,4,BSHM
2023-0548,John,Garcia,Male,3,BSEntrep
2022-0585,Mark,Garcia,Male,4,BAPS
2022-0586,Ana,Castillo,Female,4,BSBA-MM
2025-0611,Vanessa,Dizon,Female,1,BASoc
2022-0587,Kenneth,Guevarra,Male,4,BSCA
2022-0588,John,Flores,Male,4,BSEd-Eng
2023-0549,Isabella,Dizon,Female,3,BSPhil
2025-0612,Alejandro,Sarmiento,Male,1,BSCA
2025-0613,Ana,Cruz,Female,1,BAELS
2023-0550,Robert,Dizon,Male,3,BEEd
2024-0598,Kenneth,Ramos,Male,2,BSEntrep
2025-0614,Angelo,Santos,Male,1,BSBA
2024-0599,Lourdes,Dizon,Female,2,BPEd
2022-0589,Jasmine,Santos,Female,4,BSCE
2023-0551,Gilbert,Reyes,Male,3,BSES
2024-0600,Sofia,Santos,Female,2,BSBA-BE
2024-0601,Therese,Ramos,Female,2,BSBA-BE
2024-0602,Roberto,Garcia,Male,2,BSEd-Sci
2024-0603,Christine,Ramos,Female,2,BEEd
2024-0604,Carlos,Aquino,Male,2,BSEd-Eng
2023-0552,John,Cruz,Male,3,BSBA-BE
2024-0605,Miguel,Dizon,Male,2,BSCS
2025-0615,Patricia,Dela Cruz,Female,1,BSE
2023-0553,Roberto,Aquino,Male,3,BSEd-Fil
2022-0590,Miguel,Flores,Male,4,BAHisto
2023-0554,Camille,Flores,Female,3,BASoc
2022-0591,James,Reyes,Male,4,BSEntrep
2022-0592,Mark,Ramos,Male,4,BSA
2023-0555,Monica,Aquino,Female,3,BSBA
2024-0606,Jasmine,Guevarra,Female,2,BSBA-MM
2025-0616,James,Mendoza,Male,1,BSEcE
2023-0556,Thomas,Mercado,Male,3,BSPhys
2024-0607,Thomas,Aquino,Male,2,BSPhil
2025-0617,Therese,Perez,Female,1,BSES
2023-0557,Isabella,Sarmiento,Female,3,BSChem
2022-0593,Gilbert,Torres,Male,4,BSMath
2022-0594,Rochelle,Santos,Female,4,BSHM
2022-0595,Angelo,Garcia,Male,4,BSES
2022-0596,Angelo,Pascual,Male,4,BEEd
2024-0608,Lance,Dizon,Male,2,BSIT
2023-0558,Vincent,Sarmiento,Male,3,BSIT
2025-0618,Vincent,Ramos,Male,1,BSBA-BE
2024-0609,Isabella,Pascual,Female,2,BSCS
2023-0559,Ana,Garcia,Female,3,BSE
2024-0610,Josh,Torres,Male,2,BSBA
2022-0597,Angela,Reyes,Female,4,BAPS
2022-0598,Thomas,Dela Cruz,Male,4,BSEd-Eng
2024-0611,Vanessa,Guevarra,Female,2,BSBA-BE
2022-0599,Maria,Mendoza,Female,4,BSMath
2025-0619,Therese,Dizon,Female,1,BSEd-SS
2024-0612,Camille,Dela Cruz,Female,2,BSME
2022-0600,Nicole,Mercado,Female,4,BEEd
2023-0560,Jose,Cruz,Male,3,BSIT
2022-0601,James,Perez,Male,4,BSEd-SS
2024-0613,Joshua,Flores,Male,2,BSPsych
2023-0561,Vanessa,Ramos,Female,3,BSCS
2022-0602,James,Reyes,Male,4,BAELS
2023-0562,Christine,Mercado,Female,3,BSEd-Fil
2022-0603,Kenneth,Salvador,Male,4,BSPhys
2023-0563,Rochelle,Aquino,Female,3,BSEd-Sci
2023-0564,Thomas,Ramos,Male,3,BSHM
2025-0620,Rochelle,Mercado,Female,1,BSA
2024-0614,Clarice,Dizon,Female,2,BSN
2025-0621,Ana,Dizon,Female,1,BSEntrep
2023-0565,Juan,Dela Cruz,Male,3,BSBA-BE
2022-0604,Camille,Pascual,Female,4,BSHM
2024-0615,Gabriela,Reyes,Female,2,BSEd-Fil
2025-0622,Clarice,Salvador,Female,1,BSBA
2025-0623,Isabella,Bautista,Female,1,BSEcE
2023-0566,Patricia,Pascual,Female,3,BSEE
2025-0624,Roberto,Reyes,Male,1,BSCE
2024-0616,Gabriela,Mendoza,Female,2,BAPS
2024-0617,Gilbert,Torres,Male,2,BSPsych
2025-0625,Karen,Bautista,Female,1,BAPS
2023-0567,Camille,Cruz,Female,3,BASoc
2023-0568,Gabriela,Perez,Female,3,BSME
2024-0618,Thomas,Ramos,Male,2,BSMath
2022-0605,James,Perez,Male,4,BSEd-Sci
2022-0606,Nicole,Mercado,Female,4,BSMath
2025-0626,Juan,Villanueva,Male,1,BSN
2022-0607,Miguel,Garcia,Male,4,BAELS
2022-0608,Robert,Bautista,Male,4,BALCS
2023-0569,Patricia,Reyes,Female,3,BSME
2025-0627,John,Cruz,Male,1,BSA
2023-0570,Josh,Guevarra,Male,3,BSMath
2022-0609,Isabella,Ramos,Female,4,BSIT
2024-0619,Karen,Salvador,Female,2,BASoc
2022-0610,Gabriela,Ramos,Female,4,BEEd
2025-0628,Jasmine,Villanueva,Female,1,BAELS
2022-0611,Josh,Flores,Male,4,BAHisto
2025-0629,Elena,Pascual,Female,1,BSBA-BE
2025-0630,Alejandro,Castillo,Male,1,BSMath
2024-0620,Beatriz,Pascual,Female,2,BSEd-Fil
2023-0571,Jasmine,Pascual,Female,3,BPEd
2022-0612,Monica,Mercado,Female,4,BSEd-SS
2024-0621,Isabella,Flores,Female,2,BSHM
2023-0572,Ana,Sarmiento,Female,3,BSEd-Eng
2024-0622,Kenneth,Pascual,Male,2,BSMetE
2023-0573,Lourdes,Reyes,Female,3,BEEd
2023-0574,Carlos,Salvador,Male,3,BSCS
2022-0613,Isabella,Dela Cruz,Female,4,BAPsych
2022-0614,Kenneth,Dizon,Male,4,BSMath
2022-0615,Patricia,Torres,Female,4,BSMath
2023-0575,Jose,Dela Cruz,Male,3,BSCE
2022-0616,Camille,Aquino,Female,4,BSEd-Fil
2022-0617,Mark,Dela Cruz,Male,4,BSMetE
2024-0623,Gilbert,Salvador,Male,2,BSME
2024-0624,Elena,Torres,Female,2,BAPS
2023-0576,Thomas,Garcia,Male,3,BSEd-Fil
2022-0618,Maria,Dizon,Female,4,BSHM
2025-0631,Camille,Reyes,Female,1,BSEntrep
2025-0632,Vanessa,Ramos,Female,1,BSME
2025-0633,Joshua,Dela Cruz,Male,1,BSChem
2022-0619,Thomas,Aquino,Male,4,BSMetE
2022-0620,Thomas,Bautista,Male,4,BSEd-Math
2023-0577,Rochelle,Castillo,Female,3,BPEd
2022-0621,Lance,Dela Cruz,Male,4,BSEE
2025-0634,Camille,Salvador,Female,1,BAELS
2024-0625,Gilbert,Garcia,Male,2,BSCA
2025-0635,Roberto,Cruz,Male,1,BSBA-BE
2022-0622,Therese,Castillo,Female,4,BSE
2022-0623,John,Guevarra,Male,4,BSCE
2025-0636,Elena,Torres,Female,1,BSEcE
2023-0578,Juan,Reyes,Male,3,BSCS
2025-0637,Nicole,Santos,Female,1,BSE
2023-0579,Maria,Dizon,Female,3,BSES
2022-0624,Angela,Pascual,Female,4,BSN
2022-0625,Gabriela,Reyes,Female,4,BSBio
2025-0638,Elena,Cruz,Female,1,BSEE
2022-0626,Miguel,Perez,Male,4,BSEcE
2025-0639,Carlos,Mercado,Male,1,BALCS
2022-0627,Camille,Cruz,Female,4,BASoc
2022-0628,Carlos,Flores,Male,4,BSEd-Eng
2023-0580,Miguel,Pascual,Male,3,BALCS
2024-0626,Isabella,Salvador,Female,2,BPEd
2022-0629,Juan,Mendoza,Male,4,BSHM
2025-0640,Therese,Mercado,Female,1,BSEd-SS
2025-0641,Vincent,Cruz,Male,1,BAPsych
2025-0642,Sofia,Aquino,Female,1,BSPhil
2022-0630,Carlos,Santos,Male,4,BSEcE
2024-0627,Nicole,Aquino,Female,2,BSBA-MM
2023-0581,Carlos,Dizon,Male,3,BSCE
2022-0631,Angelo,Mendoza,Male,4,BSBA-MM
2022-0632,Therese,Cruz,Female,4,BPEd
2022-0633,John,Dizon,Male,4,BSEd-Eng
2023-0582,Lourdes,Villanueva,Female,3,BSPhil
2025-0643,Thomas,Sarmiento,Male,1,BSMetE
2023-0583,Beatriz,Bautista,Female,3,BSBA-BE
2022-0634,Isabella,Dizon,Female,4,BAELS
2025-0644,Angelo,Mercado,Male,1,BSE
2022-0635,Antonio,Pascual,Male,4,BSBio
2022-0636,Christine,Cruz,Female,4,BSEd-Sci
2025-0645,Monica,Perez,Female,1,BSEd-Math
2024-0628,Roberto,Aquino,Male,2,BSEd-Eng
2022-0637,Vincent,Flores,Male,4,BSEcE
2023-0584,Therese,Mercado,Female,3,BSIS
2024-0629,Therese,Sarmiento,Female,2,BSE
2023-0585,Nicole,Castillo,Female,3,BEEd
2024-0630,Kenneth,Perez,Male,2,BSN
2025-0646,Lourdes,Sarmiento,Female,1,BSBA-BE
2024-0631,John,Aquino,Male,2,BALCS
2022-0638,Thomas,Aquino,Male,4,BSChem
2025-0647,Josh,Bautista,Male,1,BEEd
2022-0639,Angelo,Mercado,Male,4,BSBA
2022-0640,Angelo,Reyes,Male,4,BSIT
2025-0648,Isabella,Sarmiento,Female,1,BASoc
2023-0586,Rochelle,Bautista,Female,3,BSIS
2022-0641,Isabella,Garcia,Female,4,BSEcE
2023-0587,Robert,Salvador,Male,3,BSEntrep
2024-0632,Roberto,Reyes,Male,2,BSES
2022-0642,Angelo,Santos,Male,4,BSPhil
2022-0643,Isabella,Guevarra,Female,4,BSPsych
2022-0644,John,Ramos,Male,4,BSEcE
2022-0645,John,Aquino,Male,4,BAPsych
2023-0588,Roberto,Mendoza,Male,3,BSMetE
2022-0646,Juan,Torres,Male,4,BSEd-Math
2024-0633,Lourdes,Guevarra,Female,2,BSBio
2023-0589,Nicole,Salvador,Female,3,BSBio
2022-0647,Thomas,Pascual,Male,4,BSN
2025-0649,Isabella,Mercado,Female,1,BAPS
2024-0634,John,Reyes,Male,2,BSEE
2023-0590,Kenneth,Bautista,Male,3,BSPhil
2022-0648,Carlos,Bautista,Male,4,BAPS
2023-0591,Alejandro,Sarmiento,Male,3,BSEcE
2024-0635,Jose,Dela Cruz,Male,2,BSME
2025-0650,Angelo,Sarmiento,Male,1,BEEd
2024-0636,Carlos,Garcia,Male,2,BSBA
2022-0649,Monica,Cruz,Female,4,BSEd-Eng
2022-0650,Rochelle,Cruz,Female,4,BSN
2023-0592,Mark,Mercado,Male,3,BSBA-MM
2023-0593,Lourdes,Dizon,Female,3,BAPS
2023-0594,Angelo,Reyes,Male,3,BSBA-MM
2022-0651,Therese,Santos,Female,4,BSCA
2023-0595,Juan,Mendoza,Male,3,BALCS
2024-0637,Joshua,Perez,Male,2,BSEd-Eng
2024-0638,Jasmine,Flores,Female,2,BSIS
2023-0596,Monica,Guevarra,Female,3,BAPsych
2022-0652,Alejandro,Flores,Male,4,BEEd
2024-0639,Lourdes,Bautista,Female,2,BSE
2024-0640,James,Reyes,Male,2,BAHisto
2025-0651,Kenneth,Cruz,Male,1,BSEE
2022-0653,Angela,Perez,Female,4,BSMath
2024-0641,Beatriz,Sarmiento,Female,2,BASoc
2022-0654,Therese,Pascual,Female,4,BSEd-Fil
2024-0642,Thomas,Torres,Male,2,BSEd-Sci
2023-0597,Gilbert,Pascual,Male,3,BSA
2022-0655,Rochelle,Flores,Female,4,BSES
2025-0652,Christine,Villanueva,Female,1,BEEd
2024-0643,Angela,Guevarra,Female,2,BSEd-Sci
2024-0644,Angelo,Dizon,Male,2,BSIT
2024-0645,Rochelle,Salvador,Female,2,BSA
2022-0656,Gabriela,Guevarra,Female,4,BPEd
2023-0598,Elena,Dizon,Female,3,BSBA-MM
2023-0599,Monica,Torres,Female,3,BAHisto
2023-0600,Maria,Mendoza,Female,3,BSPhil
2025-0653,Therese,Dela Cruz,Female,1,BSEcE
2025-0654,John,Villanueva,Male,1,BSEd-Math
2024-0646,Jasmine,Cruz,Female,2,BSIS
2024-0647,Robert,Pascual,Male,2,BSEd-Math
2024-0648,Angelo,Guevarra,Male,2,BSEd-SS
2023-0601,Therese,Cruz,Female,3,BSPhil
2025-0655,Juan,Mendoza,Male,1,BSEE
2025-0656,Robert,Dela Cruz,Male,1,BEEd
2024-0649,Joshua,Dizon,Male,2,BSHM
2024-0650,Robert,Pascual,Male,2,BAPS
2022-0657,Josh,Santos,Male,4,BSBio
2023-0602,James,Pascual,Male,3,BALCS
2024-0651,Antonio,Mercado,Male,2,BSMetE
2022-0658,Alejandro,Ramos,Male,4,BSChem
2023-0603,Josh,Ramos,Male,3,BSCS
2024-0652,Joshua,Dizon,Male,2,BEEd
2023-0604,Gabriela,Perez,Female,3,BASoc
2022-0659,Lourdes,Sarmiento,Female,4,BSEd-Eng
2024-0653,Sofia,Mendoza,Female,2,BAPS
2023-0605,Alejandro,Reyes,Male,3,BASoc
2025-0657,Jasmine,Castillo,Female,1,BSHM
2025-0658,Christine,Reyes,Female,1,BSEd-Sci
2022-0660,Patricia,Torres,Female,4,BSEntrep
2023-0606,Camille,Mendoza,Female,3,BSES
2023-0607,Patricia,Garcia,Female,3,BSCA
2023-0608,Rochelle,Mendoza,Female,3,BEEd
2024-0654,Monica,Dela Cruz,Female,2,BALCS
2023-0609,Therese,Sarmiento,Female,3,BSPsych
2024-0655,James,Dizon,Male,2,BSEd-Sci
2022-0661,Jasmine,Perez,Female,4,BSEE
2025-0659,Mark,Santos,Male,1,BSEd-Eng
2023-0610,Kenneth,Guevarra,Male,3,BSEE
2022-0662,Gabriela,Dela Cruz,Female,4,BSES
2023-0611,John,Torres,Male,3,BEEd
2022-0663,Christine,Aquino,Female,4,BSBA
2023-0612,Sofia,Sarmiento,Female,3,BSE
2024-0656,Isabella,Dela Cruz,Female,2,BAELS
2022-0664,Gabriela,Dizon,Female,4,BSEd-Math
2023-0613,Patricia,Pascual,Female,3,BSIT
2023-0614,Vincent,Santos,Male,3,BSMetE
2022-0665,James,Flores,Male,4,BSPhys
2022-0666,Vanessa,Aquino,Female,4,BSCS
2024-0657,Angela,Salvador,Female,2,BSPhys
2025-0660,Antonio,Mendoza,Male,1,BSEE
2025-0661,Maria,Mercado,Female,1,BSPhil
2024-0658,Christine,Dela Cruz,Female,2,BSME
2024-0659,Thomas,Salvador,Male,2,BSES
2022-0667,Isabella,Castillo,Female,4,BSEntrep
2025-0662,Gilbert,Mercado,Male,1,BSEntrep
2023-0615,Karen,Guevarra,Female,3,BSChem
2024-0660,Maria,Castillo,Female,2,BSMath
2024-0661,Christine,Aquino,Female,2,BAPS
2022-0668,Mark,Santos,Male,4,BSCE
2024-0662,Robert,Garcia,Male,2,BSBio
2022-0669,Camille,Salvador,Female,4,BSA
2023-0616,Antonio,Mendoza,Male,3,BSCE
2023-0617,Lourdes,Flores,Female,3,BSEntrep
2022-0670,Angelo,Flores,Male,4,BSN
2024-0663,Robert,Pascual,Male,2,BSE
2022-0671,Jose,Garcia,Male,4,BAELS
2025-0663,Therese,Sarmiento,Female,1,BSES
2025-0664,Angelo,Salvador,Male,1,BAPS
2025-0665,Nicole,Sarmiento,Female,1,BSME
2023-0618,Gabriela,Cruz,Female,3,BSCS
2024-0664,Ana,Villanueva,Female,2,BSPhys
2023-0619,Elena,Garcia,Female,3,BSEcE
2023-0620,Antonio,Mercado,Male,3,BSMetE
2023-0621,Monica,Garcia,Female,3,BEEd
2022-0672,Maria,Villanueva,Female,4,BAHisto
2022-0673,Antonio,Aquino,Male,4,BSBA-MM
2024-0665,James,Aquino,Male,2,BSBA-BE
2023-0622,Juan,Dizon,Male,3,BPEd
2025-0666,Jose,Guevarra,Male,1,BSPhil
2022-0674,Nicole,Guevarra,Female,4,BSPsych
2023-0623,Isabella,Reyes,Female,3,BASoc
2023-0624,Roberto,Dela Cruz,Male,3,BSBA-MM
2022-0675,Vanessa,Pascual,Female,4,BSCA
2024-0666,Karen,Bautista,Female,2,BSEd-SS
2022-0676,Christine,Mendoza,Female,4,BSIS
2024-0667,Carlos,Cruz,Male,2,BSE
2023-0625,Kenneth,Aquino,Male,3,BSIS
2024-0668,Sofia,Dela Cruz,Female,2,BSBA
2025-0667,Lourdes,Santos,Female,1,BSChem
2023-0626,Nicole,Aquino,Female,3,BSHM
2022-0677,Jasmine,Ramos,Female,4,BSEcE
2025-0668,Joshua,Santos,Male,1,BSIT
2025-0669,Mark,Dizon,Male,1,BSBio
2025-0670,Monica,Cruz,Female,1,BSMetE
2025-0671,Kenneth,Villanueva,Male,1,BAPS
2023-0627,Joshua,Santos,Male,3,BSA
2023-0628,Josh,Dizon,Male,3,BSIS
2022-0678,Vanessa,Dela Cruz,Female,4,BSPhys
2025-0672,Monica,Dizon,Female,1,BSCE
2024-0669,Monica,Mercado,Female,2,BSCA
2025-0673,Sofia,Bautista,Female,1,BAPS
2023-0629,Miguel,Dizon,Male,3,BSEcE
2024-0670,Gilbert,Flores,Male,2,BSCS
2023-0630,Angela,Mercado,Female,3,BSES
2024-0671,Gilbert,Reyes,Male,2,BALCS
2022-0679,Carlos,Guevarra,Male,4,BSCE
2025-0674,Therese,Reyes,Female,1,BALCS
2025-0675,Therese,Salvador,Female,1,BSA
2023-0631,James,Dizon,Male,3,BSME
2023-0632,Alejandro,Pascual,Male,3,BSES
2022-0680,Isabella,Villanueva,Female,4,BSME
2024-0672,Sofia,Dizon,Female,2,BAPsych
2025-0676,Karen,Reyes,Female,1,BSN
2024-0673,Juan,Mendoza,Male,2,BSCS
2023-0633,Kenneth,Pascual,Male,3,BSPsych
2024-0674,Miguel,Villanueva,Male,2,BSES
2025-0677,Carlos,Flores,Male,1,BSA
2025-0678,Therese,Salvador,Female,1,BSBA
2023-0634,Nicole,Pascual,Female,3,BSA
2023-0635,Miguel,Perez,Male,3,BSPsych
2024-0675,Maria,Cruz,Female,2,BSEd-SS
2024-0676,Angelo,Sarmiento,Male,2,BSChem
2025-0679,Sofia,Aquino,Female,1,BSPhys
2024-0677,Jose,Mercado,Male,2,BAHisto
2022-0681,John,Pascual,Male,4,BAHisto
2022-0682,Gabriela,Sarmiento,Female,4,BSIS
2024-0678,Mark,Cruz,Male,2,BSPhys
2024-0679,Kenneth,Castillo,Male,2,BSCE
2024-0680,Mark,Cruz,Male,2,BSIS
2024-0681,Kenneth,Reyes,Male,2,BSEcE
2023-0636,Carlos,Mercado,Male,3,BSEcE
2025-0680,James,Torres,Male,1,BSEntrep
2023-0637,Mark,Santos,Male,3,BSEd-SS
2025-0681,Sofia,Aquino,Female,1,BSMath
2024-0682,Angela,Pascual,Female,2,BSEE
2022-0683,Beatriz,Sarmiento,Female,4,BASoc
2022-0684,Alejandro,Pascual,Male,4,BSEd-Math
2023-0638,Angelo,Mercado,Male,3,BSIT
2024-0683,Lance,Salvador,Male,2,BSEE
2023-0639,Joshua,Dela Cruz,Male,3,BSMetE
2022-0685,Beatriz,Ramos,Female,4,BEEd
2023-0640,Carlos,Mercado,Male,3,BSPhys
2025-0682,Antonio,Sarmiento,Male,1,BSEd-Sci
2023-0641,Patricia,Pascual,Female,3,BAPS
2022-0686,Vanessa,Perez,Female,4,BAPS
2023-0642,Kenneth,Mercado,Male,3,BALCS
2025-0683,Antonio,Santos,Male,1,BSEd-Eng
2023-0643,Christine,Bautista,Female,3,BSES
2025-0684,Nicole,Dela Cruz,Female,1,BPEd
2025-0685,Josh,Torres,Male,1,BEEd
2022-0687,John,Torres,Male,4,BSIS
2025-0686,Vanessa,Cruz,Female,1,BSEd-Math
2025-0687,Roberto,Bautista,Male,1,BSEd-SS
2025-0688,Lance,Dizon,Male,1,BEEd
2025-0689,Clarice,Garcia,Female,1,BEEd
2023-0644,John,Flores,Male,3,BSPsych
2024-0684,Gabriela,Castillo,Female,2,BSMath
2022-0688,Robert,Flores,Male,4,BSN
2022-0689,Angelo,Guevarra,Male,4,BSEE
2024-0685,Therese,Reyes,Female,2,BSN
2024-0686,Monica,Reyes,Female,2,BSCE
2025-0690,Juan,Ramos,Male,1,BSPsych
2022-0690,Lourdes,Mercado,Female,4,BSCE
2024-0687,Isabella,Pascual,Female,2,BSBA
2023-0645,Rochelle,Santos,Female,3,BSCS
2023-0646,Roberto,Dizon,Male,3,BSES
2023-0647,Lance,Mercado,Male,3,BSMath
2023-0648,Roberto,Garcia,Male,3,BEEd
2023-0649,Thomas,Castillo,Male,3,BSCE
2024-0688,Nicole,Reyes,Female,2,BALCS
2024-0689,Juan,Villanueva,Male,2,BSEd-Sci
2022-0691,Alejandro,Perez,Male,4,BAPS
2024-0690,John,Garcia,Male,2,BSEd-SS
2022-0692,Monica,Torres,Female,4,BASoc
2025-0691,Antonio,Cruz,Male,1,BSCE
2022-0693,Lourdes,Mercado,Female,4,BPEd
2024-0691,Patricia,Dela Cruz,Female,2,BSME
2025-0692,Gilbert,Aquino,Male,1,BAPS
2025-0693,Juan,Mercado,Male,1,BSME
2024-0692,Miguel,Perez,Male,2,BAPS
2022-0694,Josh,Dizon,Male,4,BSBA-MM
2022-0695,Karen,Bautista,Female,4,BSEd-Eng
2022-0696,Lourdes,Perez,Female,4,BSEntrep
2022-0697,Karen,Dela Cruz,Female,4,BAELS
2025-0694,Jose,Garcia,Male,1,BSBio
2022-0698,Camille,Villanueva,Female,4,BAPsych
2023-0650,Carlos,Dela Cruz,Male,3,BSEd-SS
2024-0693,Patricia,Perez,Female,2,BSEntrep
2025-0695,Rochelle,Castillo,Female,1,BSEcE
2022-0699,Gilbert,Dizon,Male,4,BSChem
2025-0696,John,Mendoza,Male,1,BASoc
2025-0697,Therese,Bautista,Female,1,BSEcE
2024-0694,Miguel,Perez,Male,2,BSBA
2025-0698,Jasmine,Santos,Female,1,BSChem
2024-0695,Christine,Dizon,Female,2,BSBA-MM
2023-0651,Miguel,Villanueva,Male,3,BSPhys
2023-0652,Gilbert,Dela Cruz,Male,3,BAPS
2023-0653,Lourdes,Sarmiento,Female,3,BSBA
2022-0700,Therese,Cruz,Female,4,BSPhil
2023-0654,Roberto,Dela Cruz,Male,3,BSN
2024-0696,Monica,Santos,Female,2,BSEd-Eng
2023-0655,Maria,Santos,Female,3,BSEntrep
2022-0701,Alejandro,Castillo,Male,4,BSPhil
2025-0699,Miguel,Santos,Male,1,BAELS
2023-0656,Nicole,Perez,Female,3,BSPsych
2022-0702,Robert,Pascual,Male,4,BALCS
2022-0703,Lourdes,Aquino,Female,4,BSChem
2023-0657,Vanessa,Bautista,Female,3,BSHM
2024-0697,Vanessa,Pascual,Female,2,BSChem
2023-0658,Vincent,Salvador,Male,3,BSPhil
2024-0698,Josh,Dizon,Male,2,BSMetE
2022-0704,Alejandro,Santos,Male,4,BSA
2024-0699,Carlos,Torres,Male,2,BALCS
2022-0705,Elena,Dizon,Female,4,BASoc
2025-0700,Therese,Bautista,Female,1,BSChem
2023-0659,Christine,Villanueva,Female,3,BSES
2023-0660,Lourdes,Pascual,Female,3,BSES
2022-0706,Antonio,Bautista,Male,4,BSIS
2025-0701,Therese,Mendoza,Female,1,BEEd
2024-0700,John,Sarmiento,Male,2,BSEd-Math
2024-0701,Miguel,Bautista,Male,2,BAPsych
2025-0702,Vanessa,Guevarra,Female,1,BSPsych
2022-0707,Joshua,Salvador,Male,4,BSBio
2025-0703,Karen,Castillo,Female,1,BAPsych
2023-0661,Nicole,Guevarra,Female,3,BSPhil
2025-0704,Elena,Cruz,Female,1,BSBA-MM
2022-0708,Clarice,Guevarra,Female,4,BSE
2025-0705,Angelo,Garcia,Male,1,BAHisto
2024-0702,Thomas,Sarmiento,Male,2,BSEcE
2025-0706,Gilbert,Villanueva,Male,1,BSEcE
2024-0703,Robert,Dela Cruz,Male,2,BSEd-Math
2022-0709,Therese,Dela Cruz,Female,4,BSPhys
2024-0704,Josh,Aquino,Male,2,BSEd-Sci
2024-0705,Carlos,Villanueva,Male,2,BSEd-SS
2022-0710,Rochelle,Mercado,Female,4,BAHisto
2023-0662,Maria,Villanueva,Female,3,BSEd-Math
2025-0707,Jose,Dizon,Male,1,BSIS
2025-0708,James,Cruz,Male,1,BAPsych
2022-0711,Clarice,Villanueva,Female,4,BSEcE
2025-0709,Monica,Dizon,Female,1,BSEntrep
2023-0663,Beatriz,Garcia,Female,3,BSCA
2023-0664,Jose,Sarmiento,Male,3,BASoc
2025-0710,Beatriz,Garcia,Female,1,BSBio
2023-0665,James,Villanueva,Male,3,BSE
2025-0711,Isabella,Torres,Female,1,BSEcE
2022-0712,Gabriela,Mercado,Female,4,BSA
2022-0713,Angelo,Aquino,Male,4,BSCA
2022-0714,Jose,Mercado,Male,4,BSPhys
2022-0715,Vincent,Guevarra,Male,4,BSEntrep
2024-0706,Juan,Santos,Male,2,BSEd-Math
2025-0712,Thomas,Reyes,Male,1,BSE
2024-0707,Angela,Bautista,Female,2,BSN
2023-0666,Miguel,Garcia,Male,3,BSChem
2023-0667,Camille,Villanueva,Female,3,BSEd-Math
2025-0713,Beatriz,Perez,Female,1,BSChem
2024-0708,Camille,Pascual,Female,2,BSIS
2024-0709,Kenneth,Villanueva,Male,2,BSEE
2023-0668,Sofia,Villanueva,Female,3,BPEd
2022-0716,Camille,Guevarra,Female,4,BSHM
2022-0717,Christine,Pascual,Female,4,BSEd-SS
2025-0714,Lance,Garcia,Male,1,BSEcE
2023-0669,Christine,Guevarra,Female,3,BSCA
2024-0710,Monica,Ramos,Female,2,BAPsych
2022-0718,Vanessa,Santos,Female,4,BSIT
2024-0711,Angela,Guevarra,Female,2,BSIT
2024-0712,Miguel,Dela Cruz,Male,2,BEEd
2022-0719,Karen,Mercado,Female,4,BSHM
2023-0670,Jasmine,Aquino,Female,3,BSHM
2023-0671,Jasmine,Flores,Female,3,BSES
2023-0672,Mark,Dizon,Male,3,BSEd-Fil
2024-0713,Gilbert,Dizon,Male,2,BSPhil
2023-0673,Monica,Villanueva,Female,3,BAELS
2024-0714,Camille,Torres,Female,2,BALCS
2024-0715,Jasmine,Ramos,Female,2,BSEd-Math
2023-0674,Christine,Castillo,Female,3,BSCS
2025-0715,Jose,Dizon,Male,1,BSEE
2023-0675,Thomas,Sarmiento,Male,3,BSA
2025-0716,Elena,Dizon,Female,1,BSE
2022-0720,Joshua,Mendoza,Male,4,BSBA-MM
2024-0716,Monica,Salvador,Female,2,BSEcE
2022-0721,Karen,Dela Cruz,Female,4,BSBio
2024-0717,Juan,Torres,Male,2,BSEd-SS
2024-0718,Ana,Pascual,Female,2,BSEntrep
2023-0676,Joshua,Sarmiento,Male,3,BEEd
2025-0717,Therese,Mercado,Female,1,BSPsych
2025-0718,Carlos,Perez,Male,1,BSCA
2024-0719,Gilbert,Bautista,Male,2,BSES
2025-0719,Antonio,Dizon,Male,1,BSEd-Fil
2024-0720,Gabriela,Villanueva,Female,2,BSEntrep
2025-0720,Miguel,Perez,Male,1,BSEd-Sci
2022-0722,Monica,Villanueva,Female,4,BSBA-MM
2025-0721,Miguel,Pascual,Male,1,BASoc
2025-0722,Joshua,Cruz,Male,1,BSES
2024-0721,Joshua,Bautista,Male,2,BSEd-Fil
2024-0722,Alejandro,Dela Cruz,Male,2,BSEd-Math
2025-0723,Alejandro,Salvador,Male,1,BSPhil
2024-0723,Sofia,Ramos,Female,2,BSN
2025-0724,Elena,Ramos,Female,1,BAHisto
2025-0725,Miguel,Mercado,Male,1,BSEd-Eng
2023-0677,James,Mendoza,Male,3,BSEntrep
2024-0724,Mark,Bautista,Male,2,BSMetE
2022-0723,Mark,Bautista,Male,4,BSBA-MM
2023-0678,Therese,Santos,Female,3,BAPsych
2023-0679,Joshua,Torres,Male,3,BSME
2023-0680,Nicole,Mercado,Female,3,BSBio
2024-0725,Monica,Reyes,Female,2,BSChem
2023-0681,Vincent,Guevarra,Male,3,BAPS
2024-0726,Miguel,Sarmiento,Male,2,BSEd-Math
2023-0682,Christine,Sarmiento,Female,3,BSIT
2022-0724,Therese,Dela Cruz,Female,4,BSA
2023-0683,Patricia,Perez,Female,3,BSIS
2024-0727,Juan,Cruz,Male,2,BSCE
2023-0684,Gilbert,Bautista,Male,3,BSBA
2023-0685,Maria,Pascual,Female,3,BSBio
2024-0728,Vincent,Mercado,Male,2,BSHM
2024-0729,Kenneth,Dizon,Male,2,BSBA-BE
2024-0730,Maria,Salvador,Female,2,BSN
2022-0725,Antonio,Flores,Male,4,BSEd-SS
2024-0731,James,Reyes,Male,2,BASoc
2024-0732,Lourdes,Cruz,Female,2,BSBA-BE
2022-0726,Joshua,Flores,Male,4,BSBA
2025-0726,Robert,Guevarra,Male,1,BSES
2025-0727,Angelo,Santos,Male,1,BAPS
2022-0727,James,Flores,Male,4,BSME
2025-0728,Monica,Dela Cruz,Female,1,BSES
2025-0729,Maria,Dizon,Female,1,BSPhys
2023-0686,Kenneth,Perez,Male,3,BSBA
2025-0730,Alejandro,Reyes,Male,1,BPEd
2022-0728,Lourdes,Garcia,Female,4,BSEd-Fil
2025-0731,Gilbert,Aquino,Male,1,BSEcE
2022-0729,Jasmine,Reyes,Female,4,BSCS
2025-0732,Christine,Aquino,Female,1,BSBA-BE
2025-0733,Mark,Flores,Male,1,BSEntrep
2023-0687,Kenneth,Reyes,Male,3,BAHisto
2022-0730,Maria,Torres,Female,4,BSIS
2022-0731,Lance,Pascual,Male,4,BSE
2022-0732,Jasmine,Mendoza,Female,4,BSEd-Eng
2022-0733,Nicole,Reyes,Female,4,BSIS
2024-0733,Isabella,Dizon,Female,2,BSEcE
2023-0688,Alejandro,Perez,Male,3,BAPS
2024-0734,Ana,Sarmiento,Female,2,BSEd-Eng
2023-0689,Kenneth,Villanueva,Male,3,BSEntrep
2024-0735,Kenneth,Bautista,Male,2,BSEd-Sci
2022-0734,Rochelle,Mendoza,Female,4,BSPsych
2022-0735,Carlos,Mercado,Male,4,BSBio
2023-0690,Vanessa,Flores,Female,3,BAPsych
2025-0734,Gabriela,Guevarra,Female,1,BAPsych
2022-0736,Therese,Flores,Female,4,BALCS
2025-0735,Karen,Pascual,Female,1,BSBA-BE
2023-0691,Lance,Sarmiento,Male,3,BAPS
2023-0692,Therese,Garcia,Female,3,BSCS
2025-0736,Maria,Mercado,Female,1,BSEcE
2023-0693,Juan,Mercado,Male,3,BALCS
2023-0694,James,Mercado,Male,3,BSPsych
2024-0736,John,Perez,Male,2,BALCS
2023-0695,James,Aquino,Male,3,BSME
2023-0696,Monica,Garcia,Female,3,BSHM
2025-0737,Mark,Bautista,Male,1,BSEd-Math
2025-0738,Christine,Santos,Female,1,BSEcE
2024-0737,Isabella,Torres,Female,2,BSPhil
2022-0737,Elena,Torres,Female,4,BSEd-Sci
2024-0738,James,Castillo,Male,2,BSBA-BE
2023-0697,Maria,Flores,Female,3,BSME
2024-0739,Beatriz,Ramos,Female,2,BASoc
2023-0698,Ana,Dizon,Female,3,BSBA-MM
2024-0740,Juan,Guevarra,Male,2,BSBio
2023-0699,Therese,Mendoza,Female,3,BSEd-SS
2022-0738,Maria,Dizon,Female,4,BSEd-Fil
2025-0739,Lourdes,Garcia,Female,1,BSES
2022-0739,Lourdes,Reyes,Female,4,BSA
2022-0740,Gilbert,Dizon,Male,4,BAELS
2025-0740,Thomas,Pascual,Male,1,BALCS
2023-0700,Therese,Mendoza,Female,3,BSPhys
2025-0741,Clarice,Flores,Female,1,BSBA-MM
2024-0741,Carlos,Sarmiento,Male,2,BSEcE
2022-0741,Alejandro,Flores,Male,4,BSES
2022-0742,Jose,Torres,Male,4,BSA
2022-0743,Lance,Dela Cruz,Male,4,BSPhil
2025-0742,Gabriela,Salvador,Female,1,BSEd-Fil
2025-0743,Angela,Santos,Female,1,BAELS
2025-0744,Roberto,Mercado,Male,1,BASoc
2024-0742,Jose,Villanueva,Male,2,BSEE
2024-0743,Monica,Reyes,Female,2,BSEE
2024-0744,Robert,Santos,Male,2,BSEntrep
2023-0701,Roberto,Mendoza,Male,3,BSBA-BE
2024-0745,Josh,Dizon,Male,2,BSHM
2024-0746,Antonio,Dizon,Male,2,BSMetE
2024-0747,Ana,Ramos,Female,2,BSHM
2023-0702,Joshua,Mercado,Male,3,BSME
2024-0748,Maria,Sarmiento,Female,2,BSIT
2024-0749,James,Salvador,Male,2,BSBio
2022-0744,Angela,Bautista,Female,4,BASoc
2025-0745,Christine,Flores,Female,1,BSMetE
2023-0703,Lourdes,Mercado,Female,3,BSEcE
2024-0750,Beatriz,Pascual,Female,2,BSChem
2025-0746,James,Aquino,Male,1,BSBA-BE
2022-0745,Therese,Villanueva,Female,4,BSEcE
2024-0751,Vanessa,Garcia,Female,2,BAHisto
2023-0704,Gabriela,Salvador,Female,3,BPEd
2024-0752,Vincent,Sarmiento,Male,2,BSN
2022-0746,Juan,Mendoza,Male,4,BPEd
2023-0705,Joshua,Flores,Male,3,BSMetE
2025-0747,Antonio,Flores,Male,1,BSBA-MM
2025-0748,Elena,Castillo,Female,1,BASoc
2022-0747,Joshua,Guevarra,Male,4,BSMath
2025-0749,Gabriela,Mendoza,Female,1,BSMath
2023-0706,Robert,Dizon,Male,3,BAELS
2022-0748,Lance,Ramos,Male,4,BAELS
2022-0749,Elena,Dizon,Female,4,BSA
2022-0750,Angelo,Ramos,Male,4,BAPS
2023-0707,Lourdes,Castillo,Female,3,BSEcE
2024-0753,Alejandro,Mercado,Male,2,BSCA
2023-0708,Vanessa,Cruz,Female,3,BSPhil
2024-0754,Antonio,Sarmiento,Male,2,BPEd
2024-0755,Rochelle,Reyes,Female,2,BSEd-Math
2022-0751,Carlos,Castillo,Male,4,BSEcE
2024-0756,Isabella,Santos,Female,2,BSES
2022-0752,Christine,Salvador,Female,4,BSCA
2023-0709,Angela,Reyes,Female,3,BSES
2022-0753,Monica,Santos,Female,4,BSPsych
2025-0750,James,Aquino,Male,1,BSBA-BE
2023-0710,Clarice,Castillo,Female,3,BSE
2025-0751,Jose,Dizon,Male,1,BSEd-Eng
2022-0754,Kenneth,Salvador,Male,4,BSCE
2024-0757,Christine,Mercado,Female,2,BSIT
2023-0711,Therese,Pascual,Female,3,BSHM
2024-0758,Kenneth,Mendoza,Male,2,BSN
2022-0755,Carlos,Ramos,Male,4,BSEd-Eng
2023-0712,Elena,Villanueva,Female,3,BSIT
2022-0756,Rochelle,Ramos,Female,4,BASoc
2022-0757,Angelo,Cruz,Male,4,BSBA
2022-0758,Clarice,Perez,Female,4,BSCA
2025-0752,Patricia,Bautista,Female,1,BSChem
2022-0759,Angela,Torres,Female,4,BSCA
2024-0759,Thomas,Dizon,Male,2,BSPsych
2025-0753,Christine,Castillo,Female,1,BASoc
2023-0713,Therese,Castillo,Female,3,BSEntrep
2022-0760,Jose,Ramos,Male,4,BSEE
2023-0714,Angelo,Dizon,Male,3,BSEcE
2022-0761,Vanessa,Salvador,Female,4,BSEd-Fil
2024-0760,Isabella,Pascual,Female,2,BEEd
2024-0761,Jose,Guevarra,Male,2,BSME
2023-0715,Angelo,Mercado,Male,3,BSChem
2025-0754,Joshua,Pascual,Male,1,BSN
2023-0716,Angelo,Torres,Male,3,BAPS
2024-0762,Vincent,Sarmiento,Male,2,BSEE
2025-0755,Carlos,Ramos,Male,1,BSBA-BE
2024-0763,Patricia,Mendoza,Female,2,BSEd-SS
2025-0756,Christine,Garcia,Female,1,BSIS
2023-0717,Antonio,Dizon,Male,3,BSE
2025-0757,Beatriz,Cruz,Female,1,BSES
2022-0762,Robert,Dizon,Male,4,BSE
2024-0764,Jasmine,Reyes,Female,2,BSME
2024-0765,Gabriela,Ramos,Female,2,BAPS
2022-0763,John,Perez,Male,4,BSBio
2025-0758,Joshua,Garcia,Male,1,BSEcE
2022-0764,Camille,Ramos,Female,4,BSCA
2023-0718,Robert,Bautista,Male,3,BPEd
2022-0765,Karen,Salvador,Female,4,BPEd
2024-0766,Ana,Bautista,Female,2,BSMetE
2025-0759,Vincent,Reyes,Male,1,BSPhys
2025-0760,Gabriela,Mercado,Female,1,BSA
2024-0767,Gilbert,Salvador,Male,2,BSEd-Math
2022-0766,John,Dela Cruz,Male,4,BSMetE
2022-0767,Ana,Reyes,Female,4,BAPsych
2023-0719,James,Torres,Male,3,BSBA
2024-0768,Gilbert,Bautista,Male,2,BSEd-SS
2024-0769,Robert,Aquino,Male,2,BSEd-Sci
2022-0768,Rochelle,Cruz,Female,4,BSCA
2024-0770,Roberto,Salvador,Male,2,BSEd-Fil
2023-0720,Rochelle,Dizon,Female,3,BAPS
2023-0721,Isabella,Dela Cruz,Female,3,BSN
2023-0722,Clarice,Guevarra,Female,3,BSEd-SS
2025-0761,Robert,Garcia,Male,1,BPEd
2023-0723,Joshua,Bautista,Male,3,BSES
2024-0771,Mark,Reyes,Male,2,BAPsych
2023-0724,Vanessa,Castillo,Female,3,BSEcE
2024-0772,Juan,Garcia,Male,2,BSN
2022-0769,Angela,Garcia,Female,4,BEEd
2022-0770,Christine,Dela Cruz,Female,4,BAELS
2025-0762,Thomas,Santos,Male,1,BSPhys
2024-0773,Mark,Perez,Male,2,BSEd-Fil
2023-0725,Carlos,Dizon,Male,3,BSBA-MM
2024-0774,Rochelle,Reyes,Female,2,BSIT
2022-0771,Juan,Dela Cruz,Male,4,BAPsych
2024-0775,Karen,Cruz,Female,2,BSME
2024-0776,Camille,Castillo,Female,2,BSIS
2024-0777,Gilbert,Bautista,Male,2,BSEcE
2024-0778,Thomas,Perez,Male,2,BAELS
2024-0779,Angela,Garcia,Female,2,BSN
2022-0772,Gilbert,Flores,Male,4,BSPhil
2022-0773,Patricia,Garcia,Female,4,BSMetE
2023-0726,Lourdes,Castillo,Female,3,BSME
2023-0727,Camille,Mendoza,Female,3,BSBA-MM
2023-0728,Lourdes,Pascual,Female,3,BSBA
2023-0729,Monica,Dizon,Female,3,BSIS
2025-0763,Rochelle,Flores,Female,1,BSPhil
2022-0774,Vanessa,Pascual,Female,4,BSA
2024-0780,Mark,Torres,Male,2,BSEd-SS
2023-0730,Kenneth,Salvador,Male,3,BSEntrep
2023-0731,Angela,Perez,Female,3,BSIS
2023-0732,Carlos,Aquino,Male,3,BAPS
2024-0781,Angelo,Sarmiento,Male,2,BSIS
2024-0782,Robert,Salvador,Male,2,BSMath
2024-0783,Lourdes,Garcia,Female,2,BSBA-BE
2022-0775,Vincent,Pascual,Male,4,BSHM
2023-0733,Angelo,Garcia,Male,3,BSCA
2024-0784,Angela,Salvador,Female,2,BSPsych
2025-0764,John,Castillo,Male,1,BAPS
2023-0734,Elena,Aquino,Female,3,BSPsych
2024-0785,Karen,Pascual,Female,2,BSCE
2023-0735,Patricia,Reyes,Female,3,BSEd-Fil
2024-0786,John,Villanueva,Male,2,BSIT
2022-0776,Alejandro,Castillo,Male,4,BSHM
2023-0736,Robert,Santos,Male,3,BSES
2024-0787,Nicole,Villanueva,Female,2,BSBA-BE
2022-0777,Lourdes,Pascual,Female,4,BAPsych
2024-0788,James,Salvador,Male,2,BSEcE
2025-0765,James,Garcia,Male,1,BEEd
2025-0766,John,Cruz,Male,1,BSCA
2023-0737,Robert,Flores,Male,3,BSEcE
2022-0778,Thomas,Mercado,Male,4,BSHM
2023-0738,Nicole,Pascual,Female,3,BSIS
2022-0779,Mark,Cruz,Male,4,BSMath
2024-0789,Beatriz,Ramos,Female,2,BSEd-Fil
2023-0739,Elena,Mendoza,Female,3,BSPhil
2024-0790,Joshua,Sarmiento,Male,2,BSBA
2022-0780,Monica,Dizon,Female,4,BAPS
2023-0740,Thomas,Garcia,Male,3,BSCE
2023-0741,Antonio,Dizon,Male,3,BSPhys
2022-0781,James,Mercado,Male,4,BSCS
2022-0782,Juan,Bautista,Male,4,BALCS
2022-0783,Joshua,Aquino,Male,4,BAPsych
2024-0791,Ana,Ramos,Female,2,BPEd
2025-0767,James,Sarmiento,Male,1,BSChem
2025-0768,Therese,Guevarra,Female,1,BSPhys
2024-0792,Karen,Reyes,Female,2,BASoc
2023-0742,Mark,Dizon,Male,3,BSEd-Sci
2023-0743,Kenneth,Aquino,Male,3,BSEd-Eng
2022-0784,Gilbert,Garcia,Male,4,BSE
2022-0785,Therese,Flores,Female,4,BSEd-Eng
2024-0793,Isabella,Reyes,Female,2,BALCS
2025-0769,Vincent,Salvador,Male,1,BSMetE
2022-0786,Beatriz,Santos,Female,4,BPEd
2022-0787,Angela,Guevarra,Female,4,BSMath
2024-0794,Gilbert,Pascual,Male,2,BSMath
2024-0795,Angela,Cruz,Female,2,BSBA-BE
2024-0796,Gilbert,Mercado,Male,2,BSMath
2023-0744,Angelo,Santos,Male,3,BSN
2024-0797,Sofia,Bautista,Female,2,BSEd-SS
2023-0745,Juan,Dizon,Male,3,BSA
2022-0788,John,Bautista,Male,4,BSEd-Fil
2025-0770,Jasmine,Guevarra,Female,1,BSEd-Fil
2025-0771,Miguel,Dela Cruz,Male,1,BSMetE
2023-0746,Therese,Santos,Female,3,BSBA-MM
2024-0798,Robert,Perez,Male,2,BSEd-SS
2024-0799,Angelo,Bautista,Male,2,BSEcE
2023-0747,Nicole,Salvador,Female,3,BSIS
2024-0800,James,Pascual,Male,2,BSBA-MM
2022-0789,John,Dizon,Male,4,BAPS
2023-0748,Vincent,Dizon,Male,3,BAELS
2023-0749,Christine,Santos,Female,3,BSBA-MM
2024-0801,Jasmine,Cruz,Female,2,BSEd-Math
2022-0790,Angela,Sarmiento,Female,4,BSBio
2023-0750,Therese,Reyes,Female,3,BSBA
2025-0772,Clarice,Pascual,Female,1,BSMetE
2022-0791,Antonio,Bautista,Male,4,BSChem
2025-0773,Roberto,Garcia,Male,1,BSBA-BE
2025-0774,Christine,Dela Cruz,Female,1,BSEd-SS
2025-0775,Therese,Mendoza,Female,1,BSCS
2023-0751,Karen,Reyes,Female,3,BSN
2022-0792,Antonio,Perez,Male,4,BAELS
2023-0752,Angela,Flores,Female,3,BEEd
2022-0793,Maria,Dizon,Female,4,BSCS
2025-0776,Carlos,Dela Cruz,Male,1,BSChem
2025-0777,Roberto,Pascual,Male,1,BSEd-Eng
2024-0802,Elena,Perez,Female,2,BSBA-MM
2022-0794,Joshua,Bautista,Male,4,BEEd
2025-0778,Jasmine,Mendoza,Female,1,BSCE
2022-0795,Jose,Salvador,Male,4,BAELS
2024-0803,Gabriela,Pascual,Female,2,BSIT
2022-0796,Beatriz,Perez,Female,4,BALCS
2023-0753,Mark,Cruz,Male,3,BAELS
2024-0804,John,Bautista,Male,2,BAELS
2024-0805,Robert,Aquino,Male,2,BSEd-Fil
2024-0806,Patricia,Torres,Female,2,BSIS
2022-0797,Kenneth,Guevarra,Male,4,BSCA
2022-0798,Gilbert,Sarmiento,Male,4,BSBA-MM
2023-0754,Therese,Mercado,Female,3,BSEcE
2022-0799,James,Garcia,Male,4,BSEcE
2023-0755,Christine,Reyes,Female,3,BAELS
2024-0807,Antonio,Pascual,Male,2,BSChem
2025-0779,Clarice,Mercado,Female,1,BSEntrep
2022-0800,Elena,Torres,Female,4,BSBio
2025-0780,Joshua,Mendoza,Male,1,BSEd-Sci
2025-0781,Gilbert,Salvador,Male,1,BSN
2022-0801,Carlos,Mercado,Male,4,BSPsych
2025-0782,Maria,Ramos,Female,1,BSIS
2022-0802,Maria,Pascual,Female,4,BSMath
2022-0803,Josh,Aquino,Male,4,BSEd-SS
2025-0783,Miguel,Flores,Male,1,BSHM
2022-0804,Karen,Ramos,Female,4,BAELS
2023-0756,Gilbert,Dela Cruz,Male,3,BSBio
2024-0808,Jose,Dela Cruz,Male,2,BALCS
2023-0757,James,Guevarra,Male,3,BSHM
2025-0784,Robert,Perez,Male,1,BEEd
2024-0809,Maria,Dizon,Female,2,BSCS
2023-0758,Therese,Garcia,Female,3,BAHisto
2023-0759,Therese,Dizon,Female,3,BPEd
2023-0760,James,Torres,Male,3,BSPhys
2024-0810,James,Dizon,Male,2,BSChem
2022-0805,Gilbert,Aquino,Male,4,BSHM
2024-0811,Therese,Cruz,Female,2,BSEd-Sci
2022-0806,Juan,Flores,Male,4,BSEd-SS
2024-0812,Josh,Dizon,Male,2,BSA
2025-0785,Ana,Pascual,Female,1,BSEd-Eng
2025-0786,Camille,Mercado,Female,1,BSEcE
2022-0807,Lourdes,Cruz,Female,4,BSPsych
2023-0761,Angelo,Salvador,Male,3,BSBA-MM
2025-0787,Beatriz,Cruz,Female,1,BSME
2024-0813,Monica,Guevarra,Female,2,BAPsych
2024-0814,Miguel,Mendoza,Male,2,BAPsych
2024-0815,Patricia,Dizon,Female,2,BPEd
2023-0762,Therese,Villanueva,Female,3,BSEE
2023-0763,Gilbert,Dizon,Male,3,BSEntrep
2023-0764,Thomas,Sarmiento,Male,3,BAPsych
2024-0816,Joshua,Villanueva,Male,2,BSA
2025-0788,Gabriela,Ramos,Female,1,BAPS
2024-0817,Isabella,Perez,Female,2,BSEE
2023-0765,Thomas,Perez,Male,3,BSEntrep
2024-0818,Sofia,Mercado,Female,2,BSEntrep
2024-0819,Roberto,Mendoza,Male,2,BSIT
2024-0820,Sofia,Ramos,Female,2,BSES
2025-0789,Vanessa,Cruz,Female,1,BSEd-Math
2022-0808,Camille,Guevarra,Female,4,BALCS
2024-0821,Thomas,Perez,Male,2,BSIT
2022-0809,Josh,Guevarra,Male,4,BSChem
2024-0822,Juan,Perez,Male,2,BSBA-BE
2023-0766,Elena,Reyes,Female,3,BEEd
2024-0823,Lourdes,Dizon,Female,2,BSBA-BE
2022-0810,Therese,Castillo,Female,4,BAELS
2022-0811,Maria,Guevarra,Female,4,BSBA
2025-0790,Patricia,Ramos,Female,1,BSPhys
2024-0824,Therese,Reyes,Female,2,BALCS
2023-0767,Nicole,Garcia,Female,3,BSMath
2022-0812,Gilbert,Castillo,Male,4,BSEcE
2022-0813,Roberto,Dizon,Male,4,BSPhys
2023-0768,Sofia,Guevarra,Female,3,BSEd-Eng
2022-0814,Alejandro,Garcia,Male,4,BALCS
2024-0825,Antonio,Santos,Male,2,BSA
2022-0815,Mark,Mercado,Male,4,BAHisto
2023-0769,Christine,Villanueva,Female,3,BSEcE
2023-0770,John,Mercado,Male,3,BAHisto
2023-0771,Karen,Ramos,Female,3,BALCS
2024-0826,Patricia,Castillo,Female,2,BAPsych
2022-0816,Monica,Mercado,Female,4,BPEd
2025-0791,Vincent,Dizon,Male,1,BSChem
2025-0792,Thomas,Salvador,Male,1,BAELS
2022-0817,Mark,Mercado,Male,4,BAELS
2022-0818,Therese,Mendoza,Female,4,BAELS
2024-0827,Josh,Torres,Male,2,BSBio
2023-0772,Jasmine,Castillo,Female,3,BSEd-Math
2024-0828,Antonio,Mendoza,Male,2,BSBA-BE
2023-0773,Lance,Bautista,Male,3,BSPhys
2023-0774,Monica,Dela Cruz,Female,3,BSEE
2022-0819,Juan,Salvador,Male,4,BSEd-Eng
2022-0820,Monica,Reyes,Female,4,BSIT
2024-0829,Lourdes,Mercado,Female,2,BSEd-SS
2022-0821,Carlos,Castillo,Male,4,BSChem
2022-0822,Angela,Mercado,Female,4,BSE
2022-0823,Mark,Castillo,Male,4,BSN
2024-0830,Patricia,Torres,Female,2,BSCA
2022-0824,Patricia,Santos,Female,4,BSA
2025-0793,Angela,Sarmiento,Female,1,BSEcE
2024-0831,Beatriz,Mercado,Female,2,BSCS
2024-0832,Patricia,Garcia,Female,2,BSCA
2023-0775,Karen,Dizon,Female,3,BASoc
2025-0794,Joshua,Cruz,Male,1,BSES
2024-0833,Roberto,Pascual,Male,2,BSEcE
2023-0776,Rochelle,Torres,Female,3,BSPsych
2022-0825,John,Torres,Male,4,BSEE
2024-0834,Isabella,Reyes,Female,2,BSEd-Math
2025-0795,Lance,Santos,Male,1,BSEE
2023-0777,James,Guevarra,Male,3,BSCA
2025-0796,James,Bautista,Male,1,BSEcE
2025-0797,Alejandro,Santos,Male,1,BSMetE
2024-0835,Miguel,Garcia,Male,2,BSEd-Math
2024-0836,Carlos,Mendoza,Male,2,BSEE
2022-0826,Therese,Dizon,Female,4,BSN
2025-0798,Karen,Torres,Female,1,BSBA-MM
2022-0827,Juan,Reyes,Male,4,BSCA
2023-0778,James,Dela Cruz,Male,3,BSPhys
2023-0779,Ana,Dela Cruz,Female,3,BSEd-Eng
2023-0780,Mark,Salvador,Male,3,BSA
2024-0837,Alejandro,Garcia,Male,2,BSEcE
2025-0799,Alejandro,Dela Cruz,Male,1,BSME
2025-0800,Isabella,Mercado,Female,1,BAELS
2022-0828,Camille,Castillo,Female,4,BSChem
2022-0829,Roberto,Santos,Male,4,BSA
2025-0801,Roberto,Dizon,Male,1,BSCA
2022-0830,John,Santos,Male,4,BSPhil
2024-0838,Robert,Flores,Male,2,BSIS
2022-0831,Lourdes,Ramos,Female,4,BALCS
2022-0832,Antonio,Bautista,Male,4,BSME
2023-0781,Karen,Pascual,Female,3,BALCS
2022-0833,Christine,Reyes,Female,4,BSIT
2022-0834,Josh,Perez,Male,4,BSEd-Math
2025-0802,Roberto,Torres,Male,1,BASoc
2023-0782,Jasmine,Ramos,Female,3,BSEE
2024-0839,Miguel,Perez,Male,2,BSBA
2022-0835,Antonio,Flores,Male,4,BSME
2022-0836,Clarice,Perez,Female,4,BEEd
2023-0783,Ana,Cruz,Female,3,BSEntrep
2024-0840,Therese,Sarmiento,Female,2,BSMetE
2023-0784,Robert,Mendoza,Male,3,BSEntrep
2025-0803,Therese,Cruz,Female,1,BSIS
2025-0804,Therese,Dela Cruz,Female,1,BSIS
2022-0837,Carlos,Dizon,Male,4,BAPS
2025-0805,Alejandro,Flores,Male,1,BSMath
2022-0838,Maria,Aquino,Female,4,BSIT
2024-0841,Sofia,Sarmiento,Female,2,BSChem
2025-0806,Gabriela,Cruz,Female,1,BSBA-BE
2024-0842,John,Guevarra,Male,2,BSEd-Sci
2022-0839,Jasmine,Salvador,Female,4,BSES
2023-0785,Lance,Reyes,Male,3,BAELS
2022-0840,Jose,Torres,Male,4,BSCS
2023-0786,Gilbert,Ramos,Male,3,BSMetE
2023-0787,Therese,Santos,Female,3,BSEd-SS
2024-0843,John,Dizon,Male,2,BEEd
2023-0788,Clarice,Mendoza,Female,3,BSBA-BE
2024-0844,Sofia,Reyes,Female,2,BSBA
2022-0841,Camille,Villanueva,Female,4,BSEcE
2023-0789,Lourdes,Dizon,Female,3,BSBio
2024-0845,Maria,Salvador,Female,2,BSBA
2025-0807,Camille,Sarmiento,Female,1,BSBA
2025-0808,Nicole,Reyes,Female,1,BSHM
2023-0790,Nicole,Aquino,Female,3,BSEE
2022-0842,Nicole,Mercado,Female,4,BSEcE
2022-0843,James,Torres,Male,4,BSIS
2024-0846,Juan,Reyes,Male,2,BSEd-Sci
2025-0809,Gilbert,Dizon,Male,1,BSMetE
2025-0810,Antonio,Flores,Male,1,BSES
2024-0847,Ana,Pascual,Female,2,BSHM
2024-0848,Carlos,Perez,Male,2,BSEd-Sci
2025-0811,Maria,Villanueva,Female,1,BSEd-Math
2022-0844,Vanessa,Aquino,Female,4,BAPsych
2023-0791,Thomas,Castillo,Male,3,BSEd-Eng
2023-0792,Gabriela,Torres,Female,3,BALCS
2025-0812,Maria,Sarmiento,Female,1,BSPsych
2024-0849,Camille,Torres,Female,2,BSEd-Math
2024-0850,Carlos,Dizon,Male,2,BSEd-SS
2024-0851,Maria,Reyes,Female,2,BSPhys
2023-0793,James,Mercado,Male,3,BEEd
2024-0852,Carlos,Salvador,Male,2,BSCS
2024-0853,Jasmine,Sarmiento,Female,2,BSEE
2022-0845,Lourdes,Perez,Female,4,BAPsych
2025-0813,Clarice,Salvador,Female,1,BSCS
2022-0846,Maria,Aquino,Female,4,BSCA
2025-0814,Maria,Bautista,Female,1,BSEd-Eng
2025-0815,Christine,Dizon,Female,1,BEEd
2024-0854,Elena,Sarmiento,Female,2,BSMetE
2022-0847,Lance,Cruz,Male,4,BSCE
2023-0794,Alejandro,Pascual,Male,3,BSMath
2022-0848,Joshua,Guevarra,Male,4,BSCA
2024-0855,Josh,Aquino,Male,2,BSEd-Sci
2023-0795,Miguel,Villanueva,Male,3,BSChem
2024-0856,Angelo,Mendoza,Male,2,BPEd
2025-0816,Lance,Garcia,Male,1,BAELS
2025-0817,Alejandro,Dizon,Male,1,BSBA-MM
2023-0796,Gabriela,Ramos,Female,3,BSEd-Math
2024-0857,Ana,Aquino,Female,2,BSEd-Fil
2023-0797,Sofia,Castillo,Female,3,BSCA
2025-0818,Robert,Aquino,Male,1,BSME
2024-0858,James,Pascual,Male,2,BSHM
2022-0849,John,Mendoza,Male,4,BSE
2023-0798,John,Mercado,Male,3,BSBA-MM
2023-0799,Alejandro,Aquino,Male,3,BSES
2023-0800,Christine,Pascual,Female,3,BSEd-Sci
2024-0859,Clarice,Flores,Female,2,BSN
2022-0850,Karen,Salvador,Female,4,BSCS
2024-0860,Clarice,Salvador,Female,2,BSN
2022-0851,Roberto,Pascual,Male,4,BSME
2025-0819,Thomas,Torres,Male,1,BAELS
2025-0820,Sofia,Cruz,Female,1,BEEd
2022-0852,Jose,Guevarra,Male,4,BASoc
2023-0801,Therese,Pascual,Female,3,BSN
2024-0861,Rochelle,Cruz,Female,2,BAPsych
2024-0862,Mark,Torres,Male,2,BSE
2023-0802,Karen,Santos,Female,3,BSME
2023-0803,Lourdes,Santos,Female,3,BSME
2022-0853,Kenneth,Sarmiento,Male,4,BSEd-Math
2023-0804,John,Bautista,Male,3,BSBA
2022-0854,Isabella,Pascual,Female,4,BSEd-Sci
2024-0863,James,Dela Cruz,Male,2,BAHisto
2023-0805,Angela,Bautista,Female,3,BSCS
2023-0806,Patricia,Sarmiento,Female,3,BSBA
2025-0821,Karen,Torres,Female,1,BSChem
2022-0855,Beatriz,Bautista,Female,4,BSEd-Sci
2022-0856,Jasmine,Mendoza,Female,4,BAPsych
2023-0807,Karen,Aquino,Female,3,BAHisto
2022-0857,Carlos,Pascual,Male,4,BSEE
2025-0822,Isabella,Mercado,Female,1,BAHisto
2022-0858,Lance,Dizon,Male,4,BAHisto
2023-0808,Camille,Torres,Female,3,BSCE
2023-0809,Robert,Torres,Male,3,BSEd-Eng
2025-0823,Miguel,Perez,Male,1,BSEcE
2023-0810,Isabella,Aquino,Female,3,BSME
2024-0864,Christine,Castillo,Female,2,BAHisto
2024-0865,Juan,Perez,Male,2,BPEd
2024-0866,Patricia,Ramos,Female,2,BSCE
2023-0811,John,Mercado,Male,3,BAPsych
2023-0812,Clarice,Villanueva,Female,3,BSEcE
2023-0813,Mark,Salvador,Male,3,BSMath
2024-0867,Mark,Perez,Male,2,BSEd-Fil
2022-0859,Kenneth,Mercado,Male,4,BASoc
2025-0824,Monica,Mercado,Female,1,BSEd-Fil
2024-0868,Gilbert,Dela Cruz,Male,2,BSEd-Math
2022-0860,John,Dizon,Male,4,BSPsych
2025-0825,Beatriz,Dizon,Female,1,BSEcE
2024-0869,Angela,Mercado,Female,2,BAPS
2025-0826,Mark,Dela Cruz,Male,1,BSEd-Sci
2022-0861,Thomas,Sarmiento,Male,4,BSEd-Sci
2023-0814,Camille,Reyes,Female,3,BSPhil
2025-0827,Rochelle,Salvador,Female,1,BAPsych
2023-0815,Christine,Ramos,Female,3,BSBA
2025-0828,Sofia,Garcia,Female,1,BSHM
2025-0829,Gabriela,Castillo,Female,1,BSEcE
2024-0870,Vanessa,Torres,Female,2,BSES
2023-0816,Roberto,Dela Cruz,Male,3,BSIT
2022-0862,Gilbert,Pascual,Male,4,BSE
2023-0817,Kenneth,Castillo,Male,3,BSIT
2022-0863,Joshua,Dizon,Male,4,BSEE
2022-0864,Angelo,Bautista,Male,4,BSES
2022-0865,Kenneth,Garcia,Male,4,BSME
2023-0818,Mark,Pascual,Male,3,BSEcE
2022-0866,Alejandro,Perez,Male,4,BSEd-Math
2022-0867,Sofia,Salvador,Female,4,BSA
2023-0819,Therese,Bautista,Female,3,BSEd-Sci
2022-0868,Rochelle,Dela Cruz,Female,4,BEEd
2025-0830,Thomas,Guevarra,Male,1,BSHM
2022-0869,Mark,Pascual,Male,4,BSCS
2022-0870,Nicole,Salvador,Female,4,BSA
2024-0871,Monica,Flores,Female,2,BSPhil
2023-0820,Sofia,Villanueva,Female,3,BSEd-Math
2025-0831,Therese,Reyes,Female,1,BPEd
2023-0821,Vincent,Reyes,Male,3,BAPS
2025-0832,Lance,Reyes,Male,1,BSHM
2022-0871,James,Mercado,Male,4,BSEntrep
2023-0822,Josh,Aquino,Male,3,BSN
2023-0823,Lance,Garcia,Male,3,BPEd
2022-0872,Juan,Dizon,Male,4,BSBA-BE
2025-0833,Mark,Flores,Male,1,BSBA-BE
2024-0872,Robert,Salvador,Male,2,BSEcE
2024-0873,Miguel,Pascual,Male,2,BSE
2025-0834,Sofia,Aquino,Female,1,BEEd
2024-0874,Gilbert,Reyes,Male,2,BSEntrep
2024-0875,Patricia,Sarmiento,Female,2,BSCA
2024-0876,Patricia,Dizon,Female,2,BSMath
2022-0873,Angelo,Garcia,Male,4,BSCE
2023-0824,Therese,Castillo,Female,3,BSBio
2022-0874,Rochelle,Mercado,Female,4,BSMetE
2025-0835,Sofia,Torres,Female,1,BASoc
2023-0825,Joshua,Dizon,Male,3,BSCE
2023-0826,James,Flores,Male,3,BSME
2022-0875,Isabella,Aquino,Female,4,BSEd-Sci
2023-0827,Vincent,Dizon,Male,3,BSHM
2024-0877,Carlos,Bautista,Male,2,BSMath
2024-0878,Ana,Mendoza,Female,2,BSA
2023-0828,James,Bautista,Male,3,BSCS
2022-0876,Beatriz,Mercado,Female,4,BSPhil
2024-0879,Monica,Cruz,Female,2,BSIS
2024-0880,Maria,Dizon,Female,2,BSCA
2023-0829,Jose,Ramos,Male,3,BAPsych
2022-0877,Gilbert,Pascual,Male,4,BSIT
2025-0836,Lourdes,Dizon,Female,1,BSPsych
2023-0830,Joshua,Dela Cruz,Male,3,BSCE
2025-0837,James,Dizon,Male,1,BASoc
2022-0878,Monica,Dizon,Female,4,BSE
2023-0831,John,Guevarra,Male,3,BSIT
2024-0881,Karen,Castillo,Female,2,BSPhys
2025-0838,James,Ramos,Male,1,BALCS
2025-0839,Patricia,Sarmiento,Female,1,BAPsych
2025-0840,Antonio,Pascual,Male,1,BSMath
2022-0879,Josh,Dizon,Male,4,BAHisto
2025-0841,Beatriz,Dela Cruz,Female,1,BSEd-Eng
2022-0880,Mark,Santos,Male,4,BSBA
2023-0832,Angelo,Guevarra,Male,3,BSME
2022-0881,Clarice,Bautista,Female,4,BSCS
2024-0882,Thomas,Ramos,Male,2,BSHM
2025-0842,James,Santos,Male,1,BSBA-MM
2023-0833,Roberto,Bautista,Male,3,BSES
2025-0843,Clarice,Dela Cruz,Female,1,BSPsych
2025-0844,Clarice,Flores,Female,1,BSEd-SS
2025-0845,Lance,Mercado,Male,1,BSN
2024-0883,Thomas,Salvador,Male,2,BSBio
2022-0882,Therese,Aquino,Female,4,BSPhys
2023-0834,Angelo,Mendoza,Male,3,BSPhil
2025-0846,Lance,Villanueva,Male,1,BSIT
2023-0835,John,Pascual,Male,3,BSCA
2023-0836,James,Cruz,Male,3,BPEd
2023-0837,Gilbert,Mercado,Male,3,BSHM
2023-0838,Jose,Ramos,Male,3,BSBA-BE
2023-0839,Therese,Cruz,Female,3,BSChem
2025-0847,Rochelle,Reyes,Female,1,BSEd-Eng
2024-0884,Monica,Garcia,Female,2,BAELS
2025-0848,James,Guevarra,Male,1,BEEd
2023-0840,Josh,Dela Cruz,Male,3,BSBA
2023-0841,Sofia,Bautista,Female,3,BSChem
2025-0849,Sofia,Bautista,Female,1,BALCS
2023-0842,Therese,Sarmiento,Female,3,BSIS
2022-0883,Angelo,Bautista,Male,4,BSBio
2024-0885,Lourdes,Santos,Female,2,BSPhys
2024-0886,Vincent,Pascual,Male,2,BSBio
2024-0887,Vanessa,Dela Cruz,Female,2,BSBio
2025-0850,Clarice,Mercado,Female,1,BSPhys
2024-0888,Miguel,Cruz,Male,2,BSPhys
2022-0884,Antonio,Dizon,Male,4,BSPhys
2024-0889,Roberto,Reyes,Male,2,BSES
2024-0890,Gilbert,Pascual,Male,2,BAPS
2022-0885,Ana,Bautista,Female,4,BSEE
2022-0886,Lourdes,Perez,Female,4,BSCA
2025-0851,Kenneth,Cruz,Male,1,BSBio
2025-0852,Therese,Dela Cruz,Female,1,BSChem
2022-0887,John,Dizon,Male,4,BSN
2023-0843,John,Castillo,Male,3,BSBio
2024-0891,Jasmine,Castillo,Female,2,BSES
2025-0853,Camille,Mercado,Female,1,BSChem
2022-0888,Rochelle,Castillo,Female,4,BSEntrep
2024-0892,Elena,Santos,Female,2,BSME
2023-0844,Kenneth,Castillo,Male,3,BSPhys
2025-0854,Karen,Dela Cruz,Female,1,BSBA-MM
2025-0855,Karen,Ramos,Female,1,BSCS
2024-0893,Angela,Cruz,Female,2,BEEd
2024-0894,Beatriz,Sarmiento,Female,2,BSHM
2024-0895,Jose,Salvador,Male,2,BSEntrep
2022-0889,Karen,Torres,Female,4,BAELS
2024-0896,Clarice,Sarmiento,Female,2,BSMetE
2023-0845,Miguel,Salvador,Male,3,BSEd-Eng
2022-0890,Angelo,Torres,Male,4,BSEntrep
2025-0856,Patricia,Mendoza,Female,1,BSN
2024-0897,Patricia,Dizon,Female,2,BALCS
2025-0857,Clarice,Perez,Female,1,BEEd
2023-0846,Beatriz,Sarmiento,Female,3,BEEd
2025-0858,Rochelle,Castillo,Female,1,BSMetE
2022-0891,Robert,Sarmiento,Male,4,BSEd-Math
2024-0898,Isabella,Mendoza,Female,2,BSBio
2024-0899,Nicole,Cruz,Female,2,BSHM
2022-0892,John,Reyes,Male,4,BSBA
2024-0900,Monica,Flores,Female,2,BSBA-BE
2024-0901,Patricia,Torres,Female,2,BASoc
2023-0847,Roberto,Cruz,Male,3,BSN
2022-0893,Therese,Pascual,Female,4,BSEntrep
2022-0894,Maria,Flores,Female,4,BSBA-MM
2025-0859,Jasmine,Villanueva,Female,1,BSN
2022-0895,Vanessa,Salvador,Female,4,BASoc
2022-0896,Rochelle,Santos,Female,4,BAELS
2022-0897,Vincent,Aquino,Male,4,BSEcE
2022-0898,Rochelle,Ramos,Female,4,BSPsych
2025-0860,Kenneth,Mendoza,Male,1,BSCS
2025-0861,Karen,Reyes,Female,1,BSE
2023-0848,Beatriz,Villanueva,Female,3,BSMath
2024-0902,Angelo,Perez,Male,2,BSN
2024-0903,Therese,Mendoza,Female,2,BSEd-Eng
2022-0899,James,Dizon,Male,4,BSIT
2023-0849,Ana,Dizon,Female,3,BEEd
2023-0850,Karen,Ramos,Female,3,BSE
2025-0862,Monica,Bautista,Female,1,BSEd-Fil
2025-0863,Vanessa,Dizon,Female,1,BSEntrep
2025-0864,Monica,Cruz,Female,1,BASoc
2025-0865,Camille,Reyes,Female,1,BSA
2024-0904,Josh,Torres,Male,2,BEEd
2022-0900,Therese,Sarmiento,Female,4,BSEcE
2023-0851,Ana,Ramos,Female,3,BSPsych
2024-0905,Camille,Perez,Female,2,BSPsych
2022-0901,Vincent,Cruz,Male,4,BSMetE
2023-0852,John,Villanueva,Male,3,BSEd-Sci
2022-0902,Sofia,Aquino,Female,4,BSES
2022-0903,Ana,Cruz,Female,4,BSEd-Math
2022-0904,Angela,Mercado,Female,4,BPEd
2022-0905,Juan,Dizon,Male,4,BAPsych
2025-0866,Vincent,Dizon,Male,1,BSEcE
2023-0853,Antonio,Villanueva,Male,3,BSEntrep
2023-0854,John,Garcia,Male,3,BSEd-Sci
2025-0867,Thomas,Reyes,Male,1,BSME
2025-0868,John,Torres,Male,1,BSPhil
2023-0855,Thomas,Perez,Male,3,BSIS
2025-0869,Carlos,Mercado,Male,1,BAPS
2024-0906,Therese,Salvador,Female,2,BSME
2023-0856,Nicole,Salvador,Female,3,BSA
2022-0906,Gabriela,Garcia,Female,4,BAPS
2022-0907,Lance,Reyes,Male,4,BSChem
2024-0907,Miguel,Cruz,Male,2,BSPsych
2023-0857,Jose,Villanueva,Male,3,BSIT
2022-0908,Maria,Mendoza,Female,4,BAPsych
2024-0908,Kenneth,Guevarra,Male,2,BSN
2023-0858,Camille,Torres,Female,3,BSEd-SS
2022-0909,James,Dizon,Male,4,BSMath
2022-0910,Elena,Villanueva,Female,4,BSBio
2025-0870,Josh,Perez,Male,1,BSES
2022-0911,Isabella,Flores,Female,4,BSCS
2023-0859,Karen,Torres,Female,3,BSEcE
2025-0871,Joshua,Guevarra,Male,1,BEEd
2022-0912,Jose,Torres,Male,4,BSIS
2025-0872,Juan,Santos,Male,1,BEEd
2022-0913,Angelo,Dizon,Male,4,BSPhys
2022-0914,Kenneth,Dizon,Male,4,BALCS
2024-0909,Camille,Dela Cruz,Female,2,BSCA
2024-0910,Maria,Aquino,Female,2,BSES
2025-0873,Isabella,Reyes,Female,1,BSEcE
2022-0915,Nicole,Villanueva,Female,4,BSME
2022-0916,Kenneth,Garcia,Male,4,BSHM
2025-0874,Vincent,Dizon,Male,1,BAHisto
2024-0911,Monica,Garcia,Female,2,BSBA
2022-0917,Isabella,Villanueva,Female,4,BSPsych
2022-0918,Antonio,Garcia,Male,4,BAHisto
2025-0875,Carlos,Pascual,Male,1,BSBio
2024-0912,Lance,Sarmiento,Male,2,BSEd-Fil
2025-0876,Monica,Sarmiento,Female,1,BAPS
2024-0913,Carlos,Reyes,Male,2,BSEd-Fil
2025-0877,Therese,Flores,Female,1,BSA
2025-0878,Joshua,Dela Cruz,Male,1,BSPhys
2022-0919,Karen,Dizon,Female,4,BSEd-SS
2025-0879,John,Mercado,Male,1,BSIT
2025-0880,John,Guevarra,Male,1,BASoc
2025-0881,Roberto,Garcia,Male,1,BSMath
2023-0860,Carlos,Ramos,Male,3,BSE
2022-0920,Miguel,Guevarra,Male,4,BSEd-SS
2023-0861,Christine,Bautista,Female,3,BSBio
2025-0882,Beatriz,Cruz,Female,1,BEEd
2024-0914,Beatriz,Mercado,Female,2,BSBio
2023-0862,Sofia,Aquino,Female,3,BSEE
2024-0915,Mark,Dizon,Male,2,BSCA
2025-0883,Monica,Mercado,Female,1,BSEd-Eng
2025-0884,Mark,Dizon,Male,1,BSEcE
2022-0921,Miguel,Ramos,Male,4,BSBA-MM
2022-0922,Antonio,Sarmiento,Male,4,BAELS
2022-0923,Joshua,Dizon,Male,4,BSBA
2024-0916,Jasmine,Guevarra,Female,2,BSMath
2025-0885,Sofia,Mendoza,Female,1,BAPS
2024-0917,Roberto,Sarmiento,Male,2,BSEd-Fil
2023-0863,Elena,Salvador,Female,3,BSMetE
2022-0924,James,Ramos,Male,4,BSBA-MM
2023-0864,Gabriela,Dizon,Female,3,BSIT
2023-0865,Nicole,Dizon,Female,3,BSHM
2023-0866,Alejandro,Torres,Male,3,BSIS
2025-0886,Miguel,Torres,Male,1,BSPsych
2024-0918,Nicole,Dizon,Female,2,BSEcE
2022-0925,Kenneth,Castillo,Male,4,BSME
2023-0867,Beatriz,Sarmiento,Female,3,BEEd
2022-0926,James,Ramos,Male,4,BSCS
2024-0919,James,Bautista,Male,2,BSEd-Math
2024-0920,Christine,Garcia,Female,2,BSHM
2025-0887,Karen,Pascual,Female,1,BEEd
2024-0921,Robert,Dizon,Male,2,BSChem
2024-0922,Juan,Sarmiento,Male,2,BAPsych
2024-0923,Angela,Pascual,Female,2,BSEcE
2025-0888,Therese,Mendoza,Female,1,BSBA-BE
2022-0927,Elena,Garcia,Female,4,BSPsych
2024-0924,Patricia,Garcia,Female,2,BSE
2024-0925,Angelo,Aquino,Male,2,BSBA
2025-0889,Joshua,Santos,Male,1,BSEntrep
2025-0890,Lance,Torres,Male,1,BSCE
2022-0928,Maria,Cruz,Female,4,BSIS
2024-0926,Joshua,Dela Cruz,Male,2,BSEcE
2023-0868,Vincent,Garcia,Male,3,BSCE
2024-0927,James,Dizon,Male,2,BSCA
2022-0929,Maria,Sarmiento,Female,4,BSN
2025-0891,Roberto,Dela Cruz,Male,1,BAPS
2022-0930,Vanessa,Perez,Female,4,BSEd-Fil
2023-0869,Mark,Ramos,Male,3,BSEcE
2023-0870,Joshua,Bautista,Male,3,BSBA
2022-0931,Angelo,Mendoza,Male,4,BSBA
2024-0928,Monica,Santos,Female,2,BSMetE
2023-0871,Beatriz,Castillo,Female,3,BAELS
2023-0872,Josh,Torres,Male,3,BSN
2025-0892,Camille,Mendoza,Female,1,BSBio
2023-0873,Lourdes,Sarmiento,Female,3,BASoc
2024-0929,Gabriela,Dizon,Female,2,BSCS
2022-0932,James,Ramos,Male,4,BSE
2023-0874,Maria,Reyes,Female,3,BSCA
2022-0933,Isabella,Aquino,Female,4,BSEd-Fil
2022-0934,John,Dizon,Male,4,BASoc
2024-0930,Nicole,Guevarra,Female,2,BAPS
2024-0931,Thomas,Dizon,Male,2,BSEcE
2023-0875,John,Dela Cruz,Male,3,BEEd
2024-0932,Mark,Santos,Male,2,BSN
2023-0876,Therese,Pascual,Female,3,BSME
2022-0935,Ana,Guevarra,Female,4,BSEd-SS
2022-0936,Joshua,Flores,Male,4,BSEE
2025-0893,Therese,Ramos,Female,1,BSHM
2023-0877,John,Mercado,Male,3,BSBA-BE
2024-0933,James,Dizon,Male,2,BASoc
2023-0878,Mark,Perez,Male,3,BASoc
2022-0937,Carlos,Perez,Male,4,BSEcE
2022-0938,Jasmine,Pascual,Female,4,BSMath
2025-0894,Antonio,Santos,Male,1,BASoc
2023-0879,Joshua,Flores,Male,3,BSIT
2024-0934,Vincent,Cruz,Male,2,BSBio
2022-0939,Sofia,Dizon,Female,4,BSCS
2022-0940,Gabriela,Castillo,Female,4,BSEd-SS
2023-0880,Camille,Sarmiento,Female,3,BSA
2025-0895,Juan,Reyes,Male,1,BSIT
2023-0881,Miguel,Dizon,Male,3,BAELS
2023-0882,Elena,Dizon,Female,3,BSCE
2023-0883,Miguel,Aquino,Male,3,BSBA
2023-0884,Juan,Santos,Male,3,BSCS
2024-0935,Patricia,Salvador,Female,2,BSE
2025-0896,Robert,Pascual,Male,1,BSCS
2025-0897,Gilbert,Aquino,Male,1,BSPsych
2024-0936,Gilbert,Villanueva,Male,2,BAELS
2024-0937,Kenneth,Ramos,Male,2,BSCA
2022-0941,Elena,Flores,Female,4,BSEd-Sci
2022-0942,Antonio,Torres,Male,4,BSPhil
2024-0938,Josh,Reyes,Male,2,BSBA-MM
2023-0885,Gilbert,Mendoza,Male,3,BSPhil
2022-0943,Angelo,Perez,Male,4,BSEE
2025-0898,Monica,Garcia,Female,1,BSCE
2023-0886,James,Castillo,Male,3,BSEE
2023-0887,Antonio,Reyes,Male,3,BAPsych
2022-0944,Therese,Flores,Female,4,BSBA-MM
2024-0939,Christine,Reyes,Female,2,BSEcE
2022-0945,James,Mercado,Male,4,BSBio
2022-0946,Miguel,Salvador,Male,4,BSBio
2024-0940,Mark,Villanueva,Male,2,BSPhys
2023-0888,Lourdes,Bautista,Female,3,BAELS
2023-0889,Isabella,Perez,Female,3,BSHM
2023-0890,Christine,Pascual,Female,3,BSEd-Eng
2022-0947,Miguel,Castillo,Male,4,BSMetE
2023-0891,Beatriz,Bautista,Female,3,BSPhil
2023-0892,Elena,Perez,Female,3,BSEd-Eng
2022-0948,Isabella,Flores,Female,4,BASoc
2025-0899,Joshua,Cruz,Male,1,BSEd-Fil
2025-0900,Camille,Reyes,Female,1,BSIT
2022-0949,Thomas,Mercado,Male,4,BSES
2023-0893,Camille,Castillo,Female,3,BSCA
2024-0941,Antonio,Villanueva,Male,2,BSMath
2023-0894,Lance,Perez,Male,3,BSEd-SS
2023-0895,Juan,Cruz,Male,3,BSES
2025-0901,Lance,Dela Cruz,Male,1,BSHM
2022-0950,Carlos,Pascual,Male,4,BSEE
2024-0942,Josh,Ramos,Male,2,BSMetE
2024-0943,Beatriz,Dela Cruz,Female,2,BSME
2023-0896,Nicole,Sarmiento,Female,3,BSEd-Math
2024-0944,Lance,Aquino,Male,2,BSBA
2023-0897,Miguel,Castillo,Male,3,BSChem
2022-0951,Gabriela,Flores,Female,4,BSEE
2022-0952,Angelo,Pascual,Male,4,BSMath
2022-0953,Josh,Aquino,Male,4,BSEd-SS
2022-0954,Karen,Perez,Female,4,BSIS
2024-0945,Christine,Villanueva,Female,2,BSIT
2022-0955,Angelo,Aquino,Male,4,BSCE
2024-0946,Camille,Mercado,Female,2,BAPS
2025-0902,Jasmine,Dela Cruz,Female,1,BSA
2025-0903,Angelo,Aquino,Male,1,BSCA
2022-0956,Joshua,Perez,Male,4,BSEd-Sci
2022-0957,Roberto,Mendoza,Male,4,BAELS
2023-0898,Alejandro,Santos,Male,3,BSEcE
2024-0947,Therese,Guevarra,Female,2,BSCS
2023-0899,John,Salvador,Male,3,BSHM
2024-0948,Miguel,Sarmiento,Male,2,BSEd-Fil
2025-0904,Vincent,Bautista,Male,1,BSEE
2025-0905,Christine,Mercado,Female,1,BSA
2023-0900,Monica,Bautista,Female,3,BSEd-Fil
2023-0901,Jose,Torres,Male,3,BSEntrep
2024-0949,Christine,Bautista,Female,2,BSEcE
2024-0950,Therese,Castillo,Female,2,BSN
2022-0958,Miguel,Ramos,Male,4,BSMetE
2022-0959,Clarice,Santos,Female,4,BASoc
2025-0906,Miguel,Villanueva,Male,1,BSEd-Math
2022-0960,Kenneth,Mercado,Male,4,BSE
2023-0902,Juan,Ramos,Male,3,BSA
2022-0961,Kenneth,Guevarra,Male,4,BSIS
2023-0903,Thomas,Santos,Male,3,BSCA
2023-0904,Elena,Mercado,Female,3,BSBio
2024-0951,Beatriz,Torres,Female,2,BSEd-Eng
2024-0952,Lourdes,Ramos,Female,2,BSBA-BE
2024-0953,Maria,Garcia,Female,2,BAPS
2023-0905,Patricia,Mendoza,Female,3,BSIS
2024-0954,Lance,Flores,Male,2,BSBA-BE
2024-0955,Sofia,Perez,Female,2,BSES
2022-0962,Rochelle,Garcia,Female,4,BSEd-Eng
2025-0907,Patricia,Mendoza,Female,1,BAPS
2025-0908,Patricia,Garcia,Female,1,BSPhil
2024-0956,Beatriz,Dela Cruz,Female,2,BEEd
2025-0909,Carlos,Ramos,Male,1,BSEd-Eng
2024-0957,Josh,Ramos,Male,2,BSN
2024-0958,Nicole,Guevarra,Female,2,BSEd-Eng
2022-0963,Angelo,Reyes,Male,4,BASoc
2023-0906,Kenneth,Garcia,Male,3,BSMath
2024-0959,Monica,Pascual,Female,2,BSBA-BE
2024-0960,James,Dizon,Male,2,BSCE
2024-0961,Beatriz,Dela Cruz,Female,2,BSCS
2025-0910,James,Cruz,Male,1,BSPsych
2025-0911,Elena,Reyes,Female,1,BSMath
2022-0964,Josh,Sarmiento,Male,4,BSEcE
2023-0907,Mark,Dizon,Male,3,BSPsych
2025-0912,Isabella,Guevarra,Female,1,BSEd-Eng
2023-0908,Clarice,Villanueva,Female,3,BSEd-Fil
2025-0913,Antonio,Perez,Male,1,BSN
2024-0962,Kenneth,Pascual,Male,2,BSCE
2022-0965,Elena,Ramos,Female,4,BSME
2024-0963,Antonio,Mendoza,Male,2,BSHM
2022-0966,Lance,Santos,Male,4,BSCS
2022-0967,Clarice,Torres,Female,4,BALCS
2022-0968,Angelo,Dizon,Male,4,BSMetE
2024-0964,John,Flores,Male,2,BPEd
2025-0914,Jose,Castillo,Male,1,BAPS
2022-0969,Jose,Castillo,Male,4,BSHM
2023-0909,Vincent,Ramos,Male,3,BSBA
2024-0965,Clarice,Villanueva,Female,2,BSME
2024-0966,John,Bautista,Male,2,BAPS
2024-0967,Patricia,Dela Cruz,Female,2,BAHisto
2024-0968,Vincent,Torres,Male,2,BSCS
2024-0969,Christine,Flores,Female,2,BSEd-SS
2023-0910,Clarice,Dela Cruz,Female,3,BSME
2023-0911,Isabella,Villanueva,Female,3,BSA
2024-0970,Clarice,Cruz,Female,2,BSEntrep
2023-0912,Josh,Sarmiento,Male,3,BSBA
2024-0971,Roberto,Castillo,Male,2,BSMath
2022-0970,Ana,Salvador,Female,4,BSIS
2025-0915,Elena,Dizon,Female,1,BAPsych
2023-0913,Mark,Mercado,Male,3,BAELS
2022-0971,Monica,Salvador,Female,4,BSEcE
2023-0914,Alejandro,Mercado,Male,3,BSBA
2025-0916,James,Castillo,Male,1,BSMetE
2022-0972,Vanessa,Sarmiento,Female,4,BSN
2022-0973,Alejandro,Santos,Male,4,BSEcE
2023-0915,Thomas,Pascual,Male,3,BSPhys
2022-0974,Roberto,Dela Cruz,Male,4,BSPhys
2024-0972,Clarice,Aquino,Female,2,BSEd-Math
2025-0917,Rochelle,Ramos,Female,1,BSE
2025-0918,Christine,Flores,Female,1,BSEd-Math
2023-0916,Christine,Sarmiento,Female,3,BSES
2024-0973,Vincent,Garcia,Male,2,BASoc
2024-0974,Patricia,Guevarra,Female,2,BSEntrep
2023-0917,Angelo,Villanueva,Male,3,BSMath
2025-0919,Camille,Perez,Female,1,BSHM
2025-0920,Elena,Dizon,Female,1,BSEntrep
2023-0918,Angelo,Mercado,Male,3,BSME
2022-0975,Patricia,Dela Cruz,Female,4,BALCS
2025-0921,Kenneth,Torres,Male,1,BSEd-Fil
2022-0976,Vincent,Guevarra,Male,4,BAHisto
2023-0919,Camille,Castillo,Female,3,BSCE
2023-0920,Patricia,Dela Cruz,Female,3,BSEE
2022-0977,Karen,Torres,Female,4,BSIS
2025-0922,Kenneth,Castillo,Male,1,BAPS
2024-0975,Jasmine,Dizon,Female,2,BALCS
2023-0921,Karen,Castillo,Female,3,BALCS
2022-0978,Vanessa,Sarmiento,Female,4,BSCA
2024-0976,Jose,Santos,Male,2,BSMetE
2025-0923,Camille,Torres,Female,1,BSPhys
2022-0979,Robert,Garcia,Male,4,BSEd-Sci
2025-0924,Roberto,Castillo,Male,1,BAELS
2024-0977,Miguel,Dizon,Male,2,BSPhys
2024-0978,Rochelle,Castillo,Female,2,BSEd-Eng
2024-0979,Lourdes,Pascual,Female,2,BSMath
2023-0922,Antonio,Garcia,Male,3,BSEd-Fil
2024-0980,Alejandro,Sarmiento,Male,2,BALCS
2024-0981,Clarice,Reyes,Female,2,BPEd
2025-0925,Patricia,Torres,Female,1,BSME
2024-0982,Clarice,Castillo,Female,2,BSEd-Fil
2025-0926,Gilbert,Guevarra,Male,1,BSA
2022-0980,Angelo,Flores,Male,4,BSE
2022-0981,Jose,Pascual,Male,4,BSME
2024-0983,Ana,Torres,Female,2,BSES
2023-0923,Ana,Villanueva,Female,3,BSMetE
2023-0924,Juan,Aquino,Male,3,BSCS
2025-0927,Angela,Dela Cruz,Female,1,BSEcE
2025-0928,Vincent,Cruz,Male,1,BSEcE
2023-0925,Elena,Bautista,Female,3,BSIS
2023-0926,Beatriz,Bautista,Female,3,BSE
2025-0929,Therese,Mercado,Female,1,BSME
2023-0927,Jasmine,Cruz,Female,3,BSMath
2025-0930,Therese,Garcia,Female,1,BSEntrep
2024-0984,Juan,Perez,Male,2,BSChem
2023-0928,Monica,Flores,Female,3,BSEntrep
2024-0985,Vincent,Sarmiento,Male,2,BPEd
2022-0982,Carlos,Garcia,Male,4,BSCE
2024-0986,Gilbert,Garcia,Male,2,BSChem
2025-0931,Gabriela,Castillo,Female,1,BSPhil
2022-0983,Mark,Mendoza,Male,4,BSMath
2023-0929,Robert,Guevarra,Male,3,BPEd
2025-0932,Patricia,Dela Cruz,Female,1,BSEE
2022-0984,Josh,Castillo,Male,4,BSEcE
2024-0987,Carlos,Mendoza,Male,2,BAHisto
2022-0985,Camille,Perez,Female,4,BSPhil
2022-0986,Joshua,Villanueva,Male,4,BPEd
2023-0930,Beatriz,Sarmiento,Female,3,BSCS
2023-0931,Lourdes,Aquino,Female,3,BSCS
2022-0987,Joshua,Santos,Male,4,BSEE
2025-0933,Juan,Villanueva,Male,1,BAELS
2025-0934,Beatriz,Salvador,Female,1,BSBio
2023-0932,Therese,Reyes,Female,3,BAPsych
2023-0933,Joshua,Guevarra,Male,3,BSES
2025-0935,Maria,Perez,Female,1,BSEd-Sci
2023-0934,Clarice,Mercado,Female,3,BSCE
2024-0988,Gabriela,Castillo,Female,2,BSHM
2022-0988,Jasmine,Villanueva,Female,4,BSEcE
2025-0936,Robert,Dizon,Male,1,BSA
2024-0989,Vanessa,Flores,Female,2,BSChem
2025-0937,Lourdes,Castillo,Female,1,BASoc
2022-0989,Josh,Ramos,Male,4,BSEcE
2023-0935,Lourdes,Cruz,Female,3,BSEcE
2023-0936,Gilbert,Dizon,Male,3,BSBA-MM
2025-0938,Thomas,Mercado,Male,1,BSMath
2024-0990,Juan,Mercado,Male,2,BAHisto
2022-0990,Robert,Guevarra,Male,4,BSIT
2024-0991,Lance,Pascual,Male,2,BSEcE
2022-0991,Beatriz,Salvador,Female,4,BAHisto
2023-0937,Angelo,Garcia,Male,3,BSES
2023-0938,Alejandro,Guevarra,Male,3,BSEd-Math
2025-0939,Angela,Sarmiento,Female,1,BSHM
2022-0992,Alejandro,Salvador,Male,4,BSEd-Fil
2022-0993,James,Dizon,Male,4,BSN
2023-0939,Patricia,Dizon,Female,3,BSCE
2022-0994,Carlos,Bautista,Male,4,BSEd-Fil
2023-0940,Elena,Ramos,Female,3,BSBA-MM
2023-0941,Miguel,Reyes,Male,3,BSN
2023-0942,Joshua,Villanueva,Male,3,BSME
2024-0992,Angelo,Castillo,Male,2,BSEd-SS
2023-0943,Vincent,Dizon,Male,3,BSCE
2023-0944,Angela,Mercado,Female,3,BAELS
2024-0993,Miguel,Dizon,Male,2,BSMath
2022-0995,Kenneth,Garcia,Male,4,BSBA-MM
2022-0996,Jasmine,Perez,Female,4,BEEd
2023-0945,Isabella,Pascual,Female,3,BSHM
2023-0946,Josh,Dizon,Male,3,BSIS
2022-0997,Josh,Flores,Male,4,BSIS
2022-0998,Camille,Perez,Female,4,BSCE
2023-0947,Josh,Castillo,Male,3,BSIT
2022-0999,Jasmine,Ramos,Female,4,BSMath
2024-0994,Nicole,Dizon,Female,2,BEEd
2022-1000,Beatriz,Cruz,Female,4,BSBA-BE
2023-0948,John,Ramos,Male,3,BSPsych
2025-0940,Miguel,Dela Cruz,Male,1,BSBA-BE
2024-0995,Juan,Cruz,Male,2,BSEd-SS
2024-0996,Angelo,Mercado,Male,2,BSMath
2022-1001,Vincent,Sarmiento,Male,4,BSA
2023-0949,Sofia,Villanueva,Female,3,BSEd-Math
2022-1002,Clarice,Cruz,Female,4,BSEE
2022-1003,Joshua,Mercado,Male,4,BSA
2023-0950,Alejandro,Torres,Male,3,BSA
2024-0997,Rochelle,Pascual,Female,2,BSA
2022-1004,James,Flores,Male,4,BSME
2024-0998,Therese,Castillo,Female,2,BSMath
2024-0999,Lance,Torres,Male,2,BASoc
2024-1000,Vincent,Guevarra,Male,2,BSPhil
2024-1001,Maria,Perez,Female,2,BAPS
2023-0951,John,Mercado,Male,3,BSE
2025-0941,Therese,Torres,Female,1,BSA
2025-0942,Sofia,Perez,Female,1,BAPsych
2023-0952,Gilbert,Torres,Male,3,BAHisto
2022-1005,Nicole,Dela Cruz,Female,4,BSME
2025-0943,John,Mendoza,Male,1,BSEd-Eng
2025-0944,Juan,Dizon,Male,1,BSEcE
2024-1002,Jose,Castillo,Male,2,BSBA-BE
2022-1006,Juan,Sarmiento,Male,4,BPEd
2022-1007,Maria,Villanueva,Female,4,BSA
2025-0945,Kenneth,Dizon,Male,1,BSChem
2025-0946,Christine,Castillo,Female,1,BASoc
2022-1008,Alejandro,Garcia,Male,4,BSN
2022-1009,Joshua,Flores,Male,4,BSHM
2024-1003,James,Guevarra,Male,2,BPEd
2025-0947,Kenneth,Guevarra,Male,1,BSBio
2022-1010,Thomas,Sarmiento,Male,4,BSES
2022-1011,Joshua,Reyes,Male,4,BSPhys
2025-0948,Angelo,Dizon,Male,1,BSN
2022-1012,Angelo,Sarmiento,Male,4,BSMetE
2025-0949,Gilbert,Flores,Male,1,BSPhil
2024-1004,Monica,Dizon,Female,2,BSChem
2022-1013,James,Villanueva,Male,4,BSMetE
2023-0953,Kenneth,Villanueva,Male,3,BSBA
2023-0954,Maria,Flores,Female,3,BPEd
2024-1005,Clarice,Garcia,Female,2,BSMetE
2023-0955,Rochelle,Garcia,Female,3,BEEd
2025-0950,Vanessa,Salvador,Female,1,BAHisto
2025-0951,Robert,Santos,Male,1,BSIT
2025-0952,Maria,Villanueva,Female,1,BSEd-Math
2023-0956,Clarice,Villanueva,Female,3,BSBio
2023-0957,Monica,Cruz,Female,3,BSBio
2023-0958,Karen,Santos,Female,3,BASoc
2023-0959,Monica,Mendoza,Female,3,BSEd-Eng
2025-0953,Robert,Villanueva,Male,1,BPEd
2024-1006,Karen,Pascual,Female,2,BAPsych
2024-1007,Jasmine,Guevarra,Female,2,BSEcE
2024-1008,Vanessa,Dizon,Female,2,BSIT
2023-0960,Jose,Mercado,Male,3,BSES
2024-1009,Angelo,Santos,Male,2,BSEd-SS
2024-1010,Carlos,Salvador,Male,2,BSEcE
2023-0961,Christine,Santos,Female,3,BAELS
2023-0962,Isabella,Castillo,Female,3,BAPS
2023-0963,Gilbert,Dizon,Male,3,BASoc
2024-1011,Clarice,Torres,Female,2,BAHisto
2025-0954,Therese,Perez,Female,1,BSChem
2024-1012,Jasmine,Perez,Female,2,BSPhil
2024-1013,James,Guevarra,Male,2,BALCS
2025-0955,Gabriela,Dizon,Female,1,BSIT
2022-1014,Christine,Dizon,Female,4,BSIS
2022-1015,Isabella,Dizon,Female,4,BSME
2025-0956,Josh,Castillo,Male,1,BSN
2024-1014,Beatriz,Reyes,Female,2,BSMath
2023-0964,Jasmine,Reyes,Female,3,BSBio
2025-0957,Jose,Perez,Male,1,BSES
2023-0965,Antonio,Flores,Male,3,BSEd-Math
2024-1015,Jasmine,Sarmiento,Female,2,BSBA-MM
2024-1016,Thomas,Perez,Male,2,BSA
2023-0966,Ana,Aquino,Female,3,BSCA
2022-1016,James,Garcia,Male,4,BSEcE
2025-0958,Maria,Sarmiento,Female,1,BSBA-MM
2023-0967,Alejandro,Sarmiento,Male,3,BSBio
2024-1017,Ana,Reyes,Female,2,BEEd
2025-0959,Kenneth,Santos,Male,1,BSBA-BE
2025-0960,James,Flores,Male,1,BSEd-Fil
2023-0968,Ana,Guevarra,Female,3,BSBio
2025-0961,Karen,Dizon,Female,1,BAPS
2024-1018,Vincent,Pascual,Male,2,BSEntrep
2022-1017,James,Pascual,Male,4,BSChem
2022-1018,Carlos,Santos,Male,4,BAHisto
2024-1019,Alejandro,Perez,Male,2,BSChem
2025-0962,Vanessa,Sarmiento,Female,1,BSBio
2023-0969,Josh,Torres,Male,3,BEEd
2022-1019,Antonio,Castillo,Male,4,BSEd-SS
2025-0963,Monica,Cruz,Female,1,BALCS
2023-0970,Mark,Flores,Male,3,BASoc
2025-0964,Gabriela,Castillo,Female,1,BSMetE
2022-1020,Rochelle,Dizon,Female,4,BSEcE
2025-0965,Jose,Bautista,Male,1,BSEd-SS
2022-1021,Juan,Reyes,Male,4,BSCE
2024-1020,Carlos,Reyes,Male,2,BSBA
2023-0971,James,Dela Cruz,Male,3,BSPsych
2023-0972,Karen,Mendoza,Female,3,BSE
2023-0973,Vanessa,Flores,Female,3,BAPS
2022-1022,Jose,Dela Cruz,Male,4,BSBA-BE
2022-1023,Jasmine,Flores,Female,4,BSMetE
2022-1024,Christine,Guevarra,Female,4,BSMetE
2022-1025,John,Garcia,Male,4,BAHisto
2022-1026,Gabriela,Guevarra,Female,4,BSEE
2023-0974,Miguel,Garcia,Male,3,BSHM
2022-1027,Carlos,Castillo,Male,4,BSCA
2022-1028,Ana,Guevarra,Female,4,BSBA
2025-0966,Karen,Guevarra,Female,1,BEEd
2022-1029,Angela,Flores,Female,4,BSPhys
2023-0975,Roberto,Santos,Male,3,BSME
2025-0967,Vanessa,Flores,Female,1,BSEd-Eng
2023-0976,James,Torres,Male,3,BSEcE
2022-1030,John,Villanueva,Male,4,BSEd-Fil
2022-1031,Vanessa,Ramos,Female,4,BSEd-Eng
2022-1032,Kenneth,Castillo,Male,4,BSEd-Eng
2025-0968,Vanessa,Dizon,Female,1,BSEntrep
2023-0977,Monica,Dizon,Female,3,BAPsych
2024-1021,Mark,Garcia,Male,2,BAPsych
2025-0969,Vincent,Dela Cruz,Male,1,BAPsych
2022-1033,Angelo,Ramos,Male,4,BSHM
2023-0978,Elena,Mendoza,Female,3,BAPS
2022-1034,Juan,Aquino,Male,4,BAHisto
2024-1022,James,Aquino,Male,2,BSEd-Sci
2023-0979,Lourdes,Ramos,Female,3,BEEd
2023-0980,Clarice,Santos,Female,3,BAPS
2024-1023,James,Salvador,Male,2,BSES
2022-1035,Thomas,Sarmiento,Male,4,BSES
2023-0981,Juan,Dizon,Male,3,BSEd-Sci
2025-0970,Beatriz,Perez,Female,1,BAHisto
2025-0971,John,Guevarra,Male,1,BSEcE
2025-0972,Thomas,Mercado,Male,1,BSEcE
2022-1036,Nicole,Ramos,Female,4,BSA
2025-0973,Christine,Ramos,Female,1,BSE
2025-0974,Clarice,Dela Cruz,Female,1,BSEd-Math
2023-0982,Ana,Cruz,Female,3,BSEE
2025-0975,Juan,Flores,Male,1,BSEd-Math
2022-1037,Therese,Torres,Female,4,BSBA-MM
2022-1038,Isabella,Reyes,Female,4,BSA
2025-0976,James,Mendoza,Male,1,BSEd-Eng
2022-1039,James,Castillo,Male,4,BAPS
2022-1040,Kenneth,Cruz,Male,4,BSBio
2022-1041,Carlos,Salvador,Male,4,BSHM
2025-0977,Isabella,Sarmiento,Female,1,BSEd-Math
2025-0978,Clarice,Dela Cruz,Female,1,BSEd-Eng
2024-1024,Sofia,Dela Cruz,Female,2,BEEd
2022-1042,Vincent,Mercado,Male,4,BSCE
2023-0983,Karen,Garcia,Female,3,BSCA
2025-0979,Lourdes,Reyes,Female,1,BSEd-Fil
2024-1025,Christine,Aquino,Female,2,BSBA
2025-0980,Camille,Perez,Female,1,BSEcE
2022-1043,Gilbert,Guevarra,Male,4,BSEntrep
2024-1026,Mark,Pascual,Male,2,BSEntrep
2022-1044,James,Mercado,Male,4,BSN
2023-0984,Therese,Torres,Female,3,BEEd
2022-1045,Rochelle,Flores,Female,4,BSEE
2022-1046,Maria,Dela Cruz,Female,4,BSMetE
2024-1027,Mark,Villanueva,Male,2,BSIT
2024-1028,Joshua,Salvador,Male,2,BAPsych
2025-0981,Robert,Dizon,Male,1,BSN
2022-1047,Juan,Cruz,Male,4,BSPhil
2025-0982,Robert,Cruz,Male,1,BSHM
2022-1048,Lance,Guevarra,Male,4,BSIT
2023-0985,Gabriela,Mercado,Female,3,BSN
2023-0986,Christine,Mendoza,Female,3,BSEE
2023-0987,Karen,Ramos,Female,3,BSBA-BE
2025-0983,Miguel,Bautista,Male,1,BAPS
2023-0988,Patricia,Perez,Female,3,BSPhys
2024-1029,Robert,Guevarra,Male,2,BSCE
2025-0984,Thomas,Guevarra,Male,1,BSPhil
2022-1049,Josh,Guevarra,Male,4,BSEd-Fil
2022-1050,James,Salvador,Male,4,BSME
2025-0985,Isabella,Garcia,Female,1,BSA
2024-1030,Monica,Cruz,Female,2,BSEd-Math
2024-1031,Joshua,Castillo,Male,2,BSChem
2025-0986,Lourdes,Ramos,Female,1,BAPsych
2024-1032,Therese,Dizon,Female,2,BPEd
2025-0987,Lance,Cruz,Male,1,BSEd-Math
2025-0988,Lourdes,Cruz,Female,1,BSEd-Math
2025-0989,Jose,Dizon,Male,1,BALCS
2025-0990,Gilbert,Pascual,Male,1,BEEd
2022-1051,Miguel,Torres,Male,4,BAPS
2023-0989,Lourdes,Perez,Female,3,BSCS
2023-0990,Juan,Dela Cruz,Male,3,BSEd-Sci
2023-0991,Carlos,Garcia,Male,3,BSEd-SS
2022-1052,James,Villanueva,Male,4,BSBA
2022-1053,Joshua,Salvador,Male,4,BSEntrep
2023-0992,Ana,Ramos,Female,3,BSBA-BE
2024-1033,Clarice,Villanueva,Female,2,BSMetE
2024-1034,John,Villanueva,Male,2,BSME
2025-0991,Camille,Reyes,Female,1,BAHisto
2023-0993,John,Pascual,Male,3,BSEE
2024-1035,Clarice,Dizon,Female,2,BSBA
2025-0992,Mark,Flores,Male,1,BPEd
2022-1054,Beatriz,Castillo,Female,4,BSEd-Math
2024-1036,Monica,Dizon,Female,2,BSA
2023-0994,Maria,Guevarra,Female,3,BSEcE
2023-0995,Lance,Dizon,Male,3,BSBA
2022-1055,Patricia,Reyes,Female,4,BSBA-BE
2022-1056,James,Perez,Male,4,BSBA-MM
2025-0993,Maria,Salvador,Female,1,BSEd-Sci
2022-1057,Lance,Santos,Male,4,BSN
2023-0996,Clarice,Aquino,Female,3,BALCS
2023-0997,Robert,Pascual,Male,3,BSES
2022-1058,James,Dizon,Male,4,BALCS
2023-0998,Nicole,Dizon,Female,3,BSMetE
2023-0999,Alejandro,Perez,Male,3,BSEd-SS
2025-0994,Lance,Ramos,Male,1,BSEd-SS
2024-1037,Lourdes,Bautista,Female,2,BSBio
2025-0995,Kenneth,Santos,Male,1,BSES
2023-1000,Alejandro,Aquino,Male,3,BSCS
2025-0996,Joshua,Mendoza,Male,1,BSIT
2025-0997,Gilbert,Cruz,Male,1,BSA
2022-1059,Josh,Mendoza,Male,4,BAHisto
2023-1001,Nicole,Flores,Female,3,BSN
2022-1060,Kenneth,Guevarra,Male,4,BSMath
2024-1038,Mark,Dizon,Male,2,BSEd-Sci
2022-1061,Alejandro,Dizon,Male,4,BSBA-MM
2024-1039,Christine,Villanueva,Female,2,BSE
2023-1002,Lourdes,Castillo,Female,3,BSIT
2025-0998,Rochelle,Bautista,Female,1,BAELS
2023-1003,Juan,Bautista,Male,3,BSCE
2024-1040,Robert,Mendoza,Male,2,BSPhys
2025-0999,Clarice,Perez,Female,1,BSPsych
2022-1062,Mark,Perez,Male,4,BSEcE
2023-1004,John,Ramos,Male,3,BSEntrep
2024-1041,Jasmine,Mendoza,Female,2,BAELS
2024-1042,Sofia,Flores,Female,2,BSIT
2024-1043,Rochelle,Pascual,Female,2,BSES
2024-1044,Joshua,Reyes,Male,2,BAPS
2023-1005,Juan,Villanueva,Male,3,BSCS
2025-1000,Roberto,Dela Cruz,Male,1,BASoc
2022-1063,Sofia,Mercado,Female,4,BSES
2022-1064,Gilbert,Ramos,Male,4,BAELS
2023-1006,Antonio,Mendoza,Male,3,BSBA
2025-1001,Gilbert,Villanueva,Male,1,BSEE
2022-1065,James,Sarmiento,Male,4,BSBA
2025-1002,Karen,Dizon,Female,1,BAPS
2022-1066,Gilbert,Dizon,Male,4,BSHM
2024-1045,Lourdes,Cruz,Female,2,BAPS
2023-1007,Vanessa,Guevarra,Female,3,BSMetE
2024-1046,Lance,Sarmiento,Male,2,BSEd-Sci
2025-1003,Lourdes,Cruz,Female,1,BAHisto
2024-1047,Ana,Santos,Female,2,BSBA-MM
2024-1048,James,Cruz,Male,2,BSPhys
2024-1049,Gabriela,Aquino,Female,2,BSEcE
2022-1067,Maria,Salvador,Female,4,BSPhil
2025-1004,Vanessa,Pascual,Female,1,BSIS
2023-1008,Angela,Aquino,Female,3,BSBio
2022-1068,Mark,Santos,Male,4,BSEd-Sci
2024-1050,Thomas,Reyes,Male,2,BPEd
2025-1005,Camille,Pascual,Female,1,BSBA
2024-1051,Roberto,Guevarra,Male,2,BSEE
2025-1006,Roberto,Santos,Male,1,BSIT
2025-1007,Angelo,Pascual,Male,1,BAPS
2024-1052,Jose,Villanueva,Male,2,BSES
2025-1008,Carlos,Torres,Male,1,BAELS
2025-1009,Juan,Dizon,Male,1,BSEd-Eng
2024-1053,Maria,Dela Cruz,Female,2,BSCA
2023-1009,Patricia,Mercado,Female,3,BAHisto
2025-1010,Elena,Perez,Female,1,BALCS
2025-1011,Josh,Dela Cruz,Male,1,BAELS
2024-1054,Vincent,Garcia,Male,2,BSE
2025-1012,Antonio,Santos,Male,1,BSIS
2024-1055,Angela,Bautista,Female,2,BASoc
2024-1056,Antonio,Castillo,Male,2,BSA
2024-1057,Gabriela,Dizon,Female,2,BSA
2024-1058,Josh,Torres,Male,2,BSEcE
2022-1069,Therese,Ramos,Female,4,BSBio
2025-1013,John,Garcia,Male,1,BSHM
2025-1014,Maria,Mendoza,Female,1,BSCA
2024-1059,Angela,Mendoza,Female,2,BSCE
2022-1070,Patricia,Salvador,Female,4,BSCE
2024-1060,Thomas,Ramos,Male,2,BSPhil
2022-1071,Joshua,Dizon,Male,4,BSA
2024-1061,Alejandro,Aquino,Male,2,BSBio
2024-1062,Vincent,Dela Cruz,Male,2,BSA
2023-1010,Antonio,Guevarra,Male,3,BSEntrep
2023-1011,Angela,Castillo,Female,3,BSEd-SS
2024-1063,James,Torres,Male,2,BAPS
2025-1015,Therese,Garcia,Female,1,BSBA-MM
2023-1012,Clarice,Reyes,Female,3,BSA
2023-1013,Gabriela,Torres,Female,3,BSPhys
2025-1016,Angela,Perez,Female,1,BASoc
2022-1072,Vincent,Ramos,Male,4,BSPhys
2023-1014,Lance,Castillo,Male,3,BSChem
2022-1073,Vincent,Dizon,Male,4,BSBA
2023-1015,Antonio,Torres,Male,3,BAPsych
2023-1016,Beatriz,Reyes,Female,3,BSN
2024-1064,Josh,Perez,Male,2,BSN
2025-1017,Joshua,Sarmiento,Male,1,BSEd-Sci
2024-1065,Isabella,Sarmiento,Female,2,BSPhys
2025-1018,Beatriz,Dizon,Female,1,BSE
2025-1019,Mark,Garcia,Male,1,BSCA
2025-1020,Therese,Perez,Female,1,BSPhil
2023-1017,Monica,Aquino,Female,3,BSCS
2024-1066,Camille,Santos,Female,2,BSEd-Sci
2023-1018,Sofia,Pascual,Female,3,BSIS
2025-1021,Kenneth,Dizon,Male,1,BAPS
2022-1074,Alejandro,Bautista,Male,4,BSIT
2023-1019,Mark,Dela Cruz,Male,3,BSCE
2025-1022,Alejandro,Mendoza,Male,1,BAELS
2025-1023,Patricia,Perez,Female,1,BSPsych
2022-1075,Carlos,Flores,Male,4,BSEcE
2022-1076,Vanessa,Reyes,Female,4,BSEd-Eng
2022-1077,Patricia,Aquino,Female,4,BSChem
2025-1024,Gilbert,Dizon,Male,1,BPEd
2023-1020,Clarice,Guevarra,Female,3,BSPsych
2022-1078,Roberto,Garcia,Male,4,BSHM
2023-1021,James,Ramos,Male,3,BSEntrep
2023-1022,Jose,Castillo,Male,3,BSIT
2022-1079,James,Mendoza,Male,4,BSEE
2025-1025,Joshua,Salvador,Male,1,BSMetE
2025-1026,Jasmine,Villanueva,Female,1,BSChem
2025-1027,Gilbert,Reyes,Male,1,BSME
2022-1080,Vanessa,Dizon,Female,4,BSN
2023-1023,Therese,Guevarra,Female,3,BSCA
2022-1081,Gilbert,Dizon,Male,4,BSCS
2023-1024,Robert,Sarmiento,Male,3,BSIT
2023-1025,Clarice,Cruz,Female,3,BSChem
2023-1026,Alejandro,Reyes,Male,3,BSEd-Sci
2023-1027,Josh,Reyes,Male,3,BSEd-Eng
2025-1028,Joshua,Castillo,Male,1,BSChem
2023-1028,Carlos,Santos,Male,3,BAPS
2022-1082,Ana,Guevarra,Female,4,BSEd-SS
2025-1029,Miguel,Ramos,Male,1,BASoc
2022-1083,Roberto,Cruz,Male,4,BAPS
2025-1030,Kenneth,Guevarra,Male,1,BSChem
2023-1029,Lance,Sarmiento,Male,3,BSMath
2022-1084,Karen,Perez,Female,4,BSPhil
2024-1067,Carlos,Mercado,Male,2,BSCE
2024-1068,Therese,Santos,Female,2,BAPS
2024-1069,Sofia,Torres,Female,2,BSBA-MM
2023-1030,Patricia,Sarmiento,Female,3,BSIS
2022-1085,Jasmine,Sarmiento,Female,4,BSCA
2025-1031,Lance,Cruz,Male,1,BSEd-SS
2023-1031,Sofia,Mercado,Female,3,BSEd-SS
2023-1032,Nicole,Mendoza,Female,3,BSEd-Fil
2025-1032,Gilbert,Salvador,Male,1,BSN
2023-1033,Joshua,Mendoza,Male,3,BSCE
2023-1034,Roberto,Flores,Male,3,BSA
2024-1070,Ana,Flores,Female,2,BPEd
2024-1071,Karen,Torres,Female,2,BAPS
2023-1035,Therese,Pascual,Female,3,BASoc
2025-1033,Miguel,Pascual,Male,1,BAELS
2022-1086,Sofia,Torres,Female,4,BSES
2023-1036,John,Perez,Male,3,BSE
2023-1037,Karen,Dela Cruz,Female,3,BSEcE
2023-1038,Kenneth,Pascual,Male,3,BSHM
2023-1039,Vanessa,Torres,Female,3,BSEd-Fil
2024-1072,Joshua,Perez,Male,2,BSA
2024-1073,Lance,Salvador,Male,2,BSPhil
2022-1087,Monica,Mendoza,Female,4,BSEcE
2022-1088,Joshua,Garcia,Male,4,BSIT
2024-1074,Therese,Flores,Female,2,BSIS
2023-1040,James,Bautista,Male,3,BSCA
2024-1075,Mark,Mercado,Male,2,BSEcE
2023-1041,Monica,Mendoza,Female,3,BSPhil
2025-1034,Josh,Sarmiento,Male,1,BSPhys
2024-1076,Gilbert,Bautista,Male,2,BSMetE
2022-1089,Monica,Sarmiento,Female,4,BSEcE
2022-1090,James,Torres,Male,4,BSBA-MM
2024-1077,Roberto,Flores,Male,2,BAPsych
2023-1042,Vincent,Bautista,Male,3,BSIT
2025-1035,James,Salvador,Male,1,BSBA-MM
2022-1091,Miguel,Ramos,Male,4,BSBio
2023-1043,Kenneth,Mendoza,Male,3,BSBio
2025-1036,Gilbert,Sarmiento,Male,1,BSBio
2022-1092,Rochelle,Sarmiento,Female,4,BSEd-Sci
2023-1044,Alejandro,Perez,Male,3,BSN
2022-1093,Sofia,Cruz,Female,4,BAHisto
2024-1078,Vanessa,Bautista,Female,2,BSEd-Sci
2025-1037,Kenneth,Torres,Male,1,BSCS
2023-1045,Jose,Bautista,Male,3,BSPhys
2022-1094,Christine,Aquino,Female,4,BSHM
2025-1038,Rochelle,Garcia,Female,1,BSBA
2022-1095,Lourdes,Mercado,Female,4,BSMetE
2025-1039,Kenneth,Mendoza,Male,1,BSEd-Fil
2025-1040,Isabella,Guevarra,Female,1,BEEd
2024-1079,Monica,Flores,Female,2,BASoc
2022-1096,Christine,Dizon,Female,4,BSCS
2023-1046,Jose,Dizon,Male,3,BSES
2025-1041,Thomas,Sarmiento,Male,1,BALCS
2022-1097,Beatriz,Cruz,Female,4,BSPhys
2023-1047,Isabella,Villanueva,Female,3,BSEcE
2024-1080,Clarice,Garcia,Female,2,BSEntrep
2025-1042,James,Reyes,Male,1,BSEntrep
2023-1048,Alejandro,Aquino,Male,3,BSME
2024-1081,Juan,Bautista,Male,2,BSPsych
2023-1049,James,Garcia,Male,3,BSEd-Eng
2024-1082,Josh,Mendoza,Male,2,BSES
2025-1043,Ana,Garcia,Female,1,BAHisto
2024-1083,Ana,Mendoza,Female,2,BSPhys
2024-1084,Therese,Villanueva,Female,2,BPEd
2025-1044,Vincent,Torres,Male,1,BSIT
2025-1045,James,Villanueva,Male,1,BSIS
2023-1050,Elena,Salvador,Female,3,BSHM
2024-1085,Isabella,Guevarra,Female,2,BSA
2023-1051,Camille,Dizon,Female,3,BSME
2023-1052,Rochelle,Castillo,Female,3,BALCS
2022-1098,Monica,Flores,Female,4,BSEd-Math
2022-1099,Gilbert,Pascual,Male,4,BSCA
2022-1100,Robert,Villanueva,Male,4,BSPhil
2025-1046,Vincent,Villanueva,Male,1,BSES
2024-1086,Joshua,Santos,Male,2,BSCS
2025-1047,Ana,Mercado,Female,1,BEEd
2023-1053,Jose,Sarmiento,Male,3,BSBio
2025-1048,Alejandro,Mendoza,Male,1,BSME
2024-1087,Joshua,Villanueva,Male,2,BSIT
2022-1101,John,Reyes,Male,4,BSEntrep
2025-1049,Lourdes,Dela Cruz,Female,1,BPEd
2024-1088,Lance,Dela Cruz,Male,2,BASoc
2025-1050,Mark,Mercado,Male,1,BSPhil
2022-1102,Isabella,Santos,Female,4,BEEd
2024-1089,Angela,Villanueva,Female,2,BSIT
2023-1054,Thomas,Pascual,Male,3,BSCA
2025-1051,Ana,Dela Cruz,Female,1,BSEcE
2025-1052,Joshua,Villanueva,Male,1,BSEd-Fil
2024-1090,Joshua,Villanueva,Male,2,BSPhys
2025-1053,Isabella,Guevarra,Female,1,BSEd-Eng
2025-1054,Mark,Mendoza,Male,1,BSCS
2022-1103,Carlos,Dizon,Male,4,BSEd-Sci
2025-1055,Nicole,Salvador,Female,1,BAPS
2022-1104,Antonio,Aquino,Male,4,BSBio
2023-1055,Antonio,Flores,Male,3,BSEd-Fil
2025-1056,Angela,Salvador,Female,1,BAPsych
2025-1057,James,Reyes,Male,1,BSBA
2024-1091,Robert,Castillo,Male,2,BSEcE
2025-1058,Mark,Pascual,Male,1,BSCE
2023-1056,Antonio,Villanueva,Male,3,BSIT
2025-1059,Nicole,Sarmiento,Female,1,BSBA-BE
2022-1105,Therese,Dela Cruz,Female,4,BSPhil
2023-1057,Therese,Dizon,Female,3,BSEd-Fil
2025-1060,Gilbert,Flores,Male,1,BAPS
2025-1061,James,Villanueva,Male,1,BSEE
2024-1092,Vincent,Mendoza,Male,2,BEEd
2022-1106,Kenneth,Reyes,Male,4,BAELS
2022-1107,Monica,Pascual,Female,4,BEEd
2024-1093,Nicole,Salvador,Female,2,BSBA-BE
2023-1058,Kenneth,Guevarra,Male,3,BAPS
2025-1062,Maria,Pascual,Female,1,BSPsych
2024-1094,Carlos,Cruz,Male,2,BAPS
2025-1063,Gilbert,Cruz,Male,1,BSEd-Math
2024-1095,Isabella,Garcia,Female,2,BPEd
2024-1096,Therese,Dizon,Female,2,BSHM
2025-1064,Joshua,Mercado,Male,1,BSEcE
2022-1108,Therese,Sarmiento,Female,4,BSEd-Sci
2023-1059,Jose,Pascual,Male,3,BSMath
2024-1097,Therese,Mendoza,Female,2,BSBA-BE
2023-1060,Alejandro,Sarmiento,Male,3,BSEcE
2025-1065,Josh,Mendoza,Male,1,BSMath
2022-1109,Angelo,Garcia,Male,4,BSIS
2024-1098,Lourdes,Flores,Female,2,BSPsych
2023-1061,Ana,Guevarra,Female,3,BAHisto
2023-1062,Lance,Dizon,Male,3,BSEd-Fil
2025-1066,Angela,Garcia,Female,1,BSE
2024-1099,Kenneth,Dizon,Male,2,BAHisto
2023-1063,Lance,Sarmiento,Male,3,BSEd-Fil
2022-1110,Gilbert,Reyes,Male,4,BSBA-MM
2025-1067,Nicole,Dizon,Female,1,BSEcE
2025-1068,Maria,Flores,Female,1,BSBA-BE
2024-1100,Therese,Dizon,Female,2,BSPhys
2024-1101,Joshua,Dizon,Male,2,BSPhys
2022-1111,Jose,Reyes,Male,4,BAELS
2025-1069,Beatriz,Dela Cruz,Female,1,BSES
2025-1070,Vanessa,Mercado,Female,1,BSEcE
2024-1102,Carlos,Dela Cruz,Male,2,BSIS
2025-1071,Angelo,Dizon,Male,1,BSCA
2022-1112,Therese,Sarmiento,Female,4,BSPsych
2023-1064,Robert,Mercado,Male,3,BSBA-BE
2024-1103,Carlos,Dizon,Male,2,BASoc
2025-1072,Juan,Guevarra,Male,1,BSIS
2022-1113,Roberto,Dela Cruz,Male,4,BSBio
2025-1073,Beatriz,Dela Cruz,Female,1,BSCE
2022-1114,Thomas,Sarmiento,Male,4,BSChem
2024-1104,Lourdes,Castillo,Female,2,BSIS
2025-1074,Monica,Salvador,Female,1,BSBA-BE
2023-1065,Vanessa,Mercado,Female,3,BSHM
2022-1115,Antonio,Cruz,Male,4,BSCA
2024-1105,Lourdes,Ramos,Female,2,BSBA-BE
2023-1066,Isabella,Mendoza,Female,3,BSChem
2022-1116,Clarice,Dela Cruz,Female,4,BAHisto
2023-1067,Beatriz,Santos,Female,3,BSEd-Sci
2024-1106,John,Torres,Male,2,BSEd-SS
2023-1068,Carlos,Dizon,Male,3,BSEd-Math
2024-1107,Camille,Dizon,Female,2,BSCA
2024-1108,Alejandro,Sarmiento,Male,2,BSEd-Math
2025-1075,Vanessa,Cruz,Female,1,BSN
2024-1109,Alejandro,Flores,Male,2,BSEd-Sci
2023-1069,Clarice,Flores,Female,3,BSChem
2025-1076,Roberto,Salvador,Male,1,BPEd
2024-1110,Therese,Cruz,Female,2,BSEntrep
2022-1117,James,Pascual,Male,4,BSCS
2023-1070,Nicole,Mendoza,Female,3,BAPsych
2023-1071,Elena,Villanueva,Female,3,BSPhil
2023-1072,Miguel,Mendoza,Male,3,BASoc
2022-1118,Angela,Garcia,Female,4,BSCE
2024-1111,Maria,Bautista,Female,2,BAPsych
2022-1119,Therese,Villanueva,Female,4,BAELS
2024-1112,Jose,Garcia,Male,2,BSPsych
2022-1120,Vincent,Mercado,Male,4,BSHM
2024-1113,Vanessa,Ramos,Female,2,BSPhys
2022-1121,John,Mercado,Male,4,BAPS
2023-1073,Mark,Villanueva,Male,3,BSBA-MM
2025-1077,Thomas,Flores,Male,1,BSIT
2022-1122,Vincent,Mercado,Male,4,BSCE
2022-1123,Miguel,Mendoza,Male,4,BSIS
2025-1078,Vincent,Ramos,Male,1,BSCE
2023-1074,Juan,Santos,Male,3,BSBA-BE
2023-1075,Therese,Dela Cruz,Female,3,BSE
2025-1079,Ana,Flores,Female,1,BPEd
2022-1124,Gilbert,Pascual,Male,4,BSEd-Fil
2023-1076,Kenneth,Dela Cruz,Male,3,BSPhys
2022-1125,Angela,Ramos,Female,4,BSEd-Fil
2023-1077,Roberto,Aquino,Male,3,BSPsych
2023-1078,Alejandro,Dela Cruz,Male,3,BSBA-BE
2024-1114,Ana,Torres,Female,2,BSCS
2025-1080,Nicole,Dizon,Female,1,BSES
2025-1081,Mark,Sarmiento,Male,1,BALCS
2025-1082,Miguel,Perez,Male,1,BSMetE
2022-1126,Kenneth,Aquino,Male,4,BSEcE
2024-1115,Camille,Aquino,Female,2,BSEntrep
2023-1079,Miguel,Torres,Male,3,BSChem
2024-1116,Josh,Dizon,Male,2,BSBA-MM
2024-1117,Lance,Castillo,Male,2,BSEcE
2025-1083,Antonio,Perez,Male,1,BSEcE
2024-1118,Vanessa,Pascual,Female,2,BASoc
2022-1127,Nicole,Perez,Female,4,BSEd-Fil
2025-1084,Jose,Reyes,Male,1,BSEntrep
2025-1085,James,Aquino,Male,1,BSMath
2023-1080,Roberto,Cruz,Male,3,BSBA
2025-1086,Juan,Garcia,Male,1,BSCA
2025-1087,Monica,Sarmiento,Female,1,BSIT
2024-1119,Rochelle,Mendoza,Female,2,BPEd
2025-1088,Joshua,Reyes,Male,1,BSE
2024-1120,Sofia,Salvador,Female,2,BSMath
2024-1121,Joshua,Ramos,Male,2,BSBio
2023-1081,Josh,Aquino,Male,3,BSMetE
2023-1082,Monica,Bautista,Female,3,BSEd-Fil
2024-1122,Lance,Flores,Male,2,BSEcE
2024-1123,Antonio,Mercado,Male,2,BSBio
2022-1128,Lance,Villanueva,Male,4,BSCE
2022-1129,James,Villanueva,Male,4,BSE
2022-1130,Christine,Mendoza,Female,4,BSME
2023-1083,Miguel,Torres,Male,3,BSEd-Eng
2024-1124,Therese,Castillo,Female,2,BSBA-MM
2024-1125,Antonio,Pascual,Male,2,BSIT
2023-1084,Ana,Santos,Female,3,BSBA-BE
2024-1126,Clarice,Perez,Female,2,BSEcE
2024-1127,Therese,Pascual,Female,2,BSMath
2024-1128,Camille,Mercado,Female,2,BSCE
2025-1089,Gilbert,Ramos,Male,1,BSChem
2022-1131,Isabella,Dizon,Female,4,BSEcE
2023-1085,Gabriela,Dizon,Female,3,BSCS
2022-1132,Clarice,Pascual,Female,4,BSEd-Eng
2023-1086,Maria,Villanueva,Female,3,BSBA-BE
2025-1090,Jasmine,Pascual,Female,1,BSCS
2024-1129,Kenneth,Villanueva,Male,2,BPEd
2025-1091,Nicole,Dizon,Female,1,BSMath
2023-1087,Gilbert,Villanueva,Male,3,BSChem
2023-1088,Miguel,Castillo,Male,3,BSMetE
2024-1130,Miguel,Ramos,Male,2,BSCA
2022-1133,Robert,Villanueva,Male,4,BSE
2025-1092,Joshua,Bautista,Male,1,BSE
2025-1093,Alejandro,Mercado,Male,1,BSBio
2025-1094,Angelo,Cruz,Male,1,BSEcE
2025-1095,Thomas,Reyes,Male,1,BSBA-BE
2022-1134,Monica,Pascual,Female,4,BSPhys
2024-1131,Karen,Villanueva,Female,2,BSEd-Fil
2023-1089,Vincent,Perez,Male,3,BSEcE
2022-1135,Patricia,Guevarra,Female,4,BSEd-SS
2024-1132,Miguel,Dela Cruz,Male,2,BSMath
2025-1096,Lourdes,Dizon,Female,1,BAPsych
2022-1136,Karen,Pascual,Female,4,BSN
2024-1133,Roberto,Salvador,Male,2,BAPS
2022-1137,Nicole,Mercado,Female,4,BAPS
2025-1097,Karen,Santos,Female,1,BSA
2024-1134,Mark,Reyes,Male,2,BSIS
2025-1098,Carlos,Salvador,Male,1,BSN
2022-1138,Gabriela,Torres,Female,4,BSEd-Eng
2022-1139,James,Bautista,Male,4,BAELS
2025-1099,Monica,Ramos,Female,1,BSEE
2024-1135,Juan,Flores,Male,2,BSEd-Sci
2024-1136,Mark,Dela Cruz,Male,2,BSME
2025-1100,Alejandro,Flores,Male,1,BSHM
2024-1137,Therese,Garcia,Female,2,BSMath
2025-1101,Monica,Ramos,Female,1,BSHM
2024-1138,Maria,Pascual,Female,2,BSMath
2024-1139,Vanessa,Garcia,Female,2,BSIT
2025-1102,Robert,Torres,Male,1,BAHisto
2023-1090,Robert,Flores,Male,3,BSEE
2025-1103,Vanessa,Cruz,Female,1,BAHisto
2023-1091,Mark,Guevarra,Male,3,BSE
2022-1140,James,Cruz,Male,4,BAPS
2025-1104,Maria,Villanueva,Female,1,BSEcE
2024-1140,Antonio,Flores,Male,2,BAELS
2025-1105,Alejandro,Mendoza,Male,1,BSN
2024-1141,Christine,Santos,Female,2,BSHM
2024-1142,Clarice,Santos,Female,2,BALCS
2025-1106,Alejandro,Guevarra,Male,1,BSCS
2022-1141,Jose,Villanueva,Male,4,BALCS
2022-1142,Antonio,Dizon,Male,4,BSBA-BE
2022-1143,Clarice,Pascual,Female,4,BSEd-Math
2024-1143,Juan,Reyes,Male,2,BSEd-SS
2025-1107,Vanessa,Reyes,Female,1,BSEd-Math
2023-1092,Kenneth,Torres,Male,3,BSIT
2022-1144,Miguel,Castillo,Male,4,BSBA
2024-1144,Nicole,Bautista,Female,2,BSEd-Sci
2022-1145,Sofia,Garcia,Female,4,BSEcE
2022-1146,Lance,Mendoza,Male,4,BSCA
2024-1145,Vanessa,Dizon,Female,2,BSBA-BE
2024-1146,Josh,Flores,Male,2,BSES
2024-1147,Sofia,Torres,Female,2,BSEE
2024-1148,Alejandro,Santos,Male,2,BASoc
2025-1108,Elena,Bautista,Female,1,BSBA
2023-1093,James,Bautista,Male,3,BSN
2025-1109,Ana,Perez,Female,1,BSEd-Sci
2024-1149,Carlos,Perez,Male,2,BSEcE
2022-1147,Nicole,Ramos,Female,4,BAPS
2025-1110,Robert,Reyes,Male,1,BSBA-MM
2025-1111,Jasmine,Sarmiento,Female,1,BSBio
2025-1112,Jasmine,Salvador,Female,1,BSIS
2024-1150,Therese,Reyes,Female,2,BAPS
2024-1151,Juan,Guevarra,Male,2,BSA
2025-1113,Nicole,Castillo,Female,1,BALCS
2022-1148,Clarice,Castillo,Female,4,BSN
2024-1152,Gabriela,Cruz,Female,2,BSMath
2024-1153,Vanessa,Sarmiento,Female,2,BSIT
2024-1154,Elena,Castillo,Female,2,BSME
2025-1114,Robert,Dela Cruz,Male,1,BSEntrep
2025-1115,Alejandro,Ramos,Male,1,BSBA-BE
2022-1149,James,Santos,Male,4,BASoc
2024-1155,Angela,Dizon,Female,2,BSCS
2022-1150,James,Dela Cruz,Male,4,BSMetE
2024-1156,Roberto,Reyes,Male,2,BSME
2023-1094,Clarice,Garcia,Female,3,BSEd-Fil
2025-1116,Kenneth,Perez,Male,1,BSEd-Eng
2024-1157,Vanessa,Salvador,Female,2,BSCA
2022-1151,Josh,Garcia,Male,4,BSCA
2025-1117,Patricia,Dizon,Female,1,BSEcE
2022-1152,Vincent,Flores,Male,4,BSEd-Sci
2022-1153,James,Torres,Male,4,BSPhil
2023-1095,Clarice,Garcia,Female,3,BSIS
2025-1118,Gilbert,Guevarra,Male,1,BSES
2023-1096,Christine,Santos,Female,3,BSMath
2023-1097,Carlos,Aquino,Male,3,BAHisto
2025-1119,Antonio,Salvador,Male,1,BSEd-Eng
2023-1098,Juan,Castillo,Male,3,BSEd-Fil
2024-1158,Clarice,Bautista,Female,2,BSCE
2024-1159,Elena,Bautista,Female,2,BSE
2022-1154,Antonio,Aquino,Male,4,BSEd-Math
2025-1120,Juan,Mercado,Male,1,BSES
2025-1121,Joshua,Aquino,Male,1,BASoc
2025-1122,Maria,Santos,Female,1,BSEcE
2022-1155,Robert,Torres,Male,4,BEEd
2025-1123,Miguel,Flores,Male,1,BSEE
2023-1099,Kenneth,Cruz,Male,3,BSPsych
2022-1156,Camille,Bautista,Female,4,BSEd-Sci
2024-1160,Nicole,Pascual,Female,2,BSEd-Math
2023-1100,Angela,Castillo,Female,3,BSEd-Math
2025-1124,Angelo,Salvador,Male,1,BSChem
2024-1161,Therese,Sarmiento,Female,2,BSBA
2023-1101,Vincent,Ramos,Male,3,BSIS
2022-1157,Sofia,Guevarra,Female,4,BSCS
2024-1162,Therese,Pascual,Female,2,BEEd
2022-1158,Ana,Dizon,Female,4,BSPhys
2022-1159,Camille,Flores,Female,4,BSCE
2025-1125,Juan,Dizon,Male,1,BSBio
2025-1126,Kenneth,Bautista,Male,1,BSCE
2022-1160,Lance,Villanueva,Male,4,BSBA-BE
2022-1161,Maria,Pascual,Female,4,BAELS
2022-1162,Beatriz,Villanueva,Female,4,BSPsych
2022-1163,Lourdes,Cruz,Female,4,BAPsych
2025-1127,Gabriela,Torres,Female,1,BSEE
2023-1102,Ana,Dizon,Female,3,BSEd-Eng
2022-1164,Robert,Flores,Male,4,BASoc
2024-1163,Jose,Cruz,Male,2,BSBA-BE
2022-1165,Robert,Mendoza,Male,4,BAPS
2024-1164,Jasmine,Flores,Female,2,BSPsych
2024-1165,Thomas,Guevarra,Male,2,BSMath
2022-1166,Miguel,Flores,Male,4,BAHisto
2022-1167,Juan,Villanueva,Male,4,BSES
2025-1128,Vincent,Dizon,Male,1,BSN
2024-1166,Clarice,Salvador,Female,2,BSIT
2022-1168,Miguel,Flores,Male,4,BSHM
2023-1103,Ana,Reyes,Female,3,BEEd
2023-1104,Karen,Reyes,Female,3,BSE
2025-1129,Elena,Mercado,Female,1,BSEntrep
2025-1130,Karen,Reyes,Female,1,BPEd
2023-1105,Vincent,Dizon,Male,3,BSEd-Sci
2022-1169,Miguel,Pascual,Male,4,BSBA-BE
2025-1131,Maria,Perez,Female,1,BSBA
2024-1167,Jasmine,Aquino,Female,2,BAPS
2025-1132,Miguel,Torres,Male,1,BSBA-BE
2022-1170,Roberto,Villanueva,Male,4,BSEcE
2024-1168,Lourdes,Reyes,Female,2,BALCS
2025-1133,Beatriz,Ramos,Female,1,BSE
2022-1171,Sofia,Reyes,Female,4,BSA
2023-1106,Nicole,Ramos,Female,3,BSCE
2022-1172,Patricia,Reyes,Female,4,BSPsych
2024-1169,Elena,Pascual,Female,2,BSA
2025-1134,Gilbert,Reyes,Male,1,BSEntrep
2022-1173,John,Mercado,Male,4,BSChem
2023-1107,Lourdes,Flores,Female,3,BAPS
2024-1170,Gilbert,Villanueva,Male,2,BSEd-Eng
2024-1171,Lourdes,Perez,Female,2,BSEd-SS
2023-1108,Lance,Perez,Male,3,BSPhil
2025-1135,Therese,Sarmiento,Female,1,BSHM
2023-1109,Robert,Reyes,Male,3,BAPsych
2022-1174,Ana,Castillo,Female,4,BSHM
2022-1175,Jasmine,Garcia,Female,4,BSEcE
2022-1176,Angelo,Bautista,Male,4,BSCS
2022-1177,Jasmine,Dizon,Female,4,BALCS
2024-1172,John,Ramos,Male,2,BSA
2023-1110,Gabriela,Villanueva,Female,3,BAPS
2022-1178,Therese,Reyes,Female,4,BSEd-Fil
2024-1173,James,Bautista,Male,2,BAELS
2023-1111,Nicole,Dizon,Female,3,BSPhys
2022-1179,Miguel,Dizon,Male,4,BSEd-Eng
2022-1180,John,Castillo,Male,4,BAPS
2024-1174,James,Guevarra,Male,2,BSMath
2023-1112,Mark,Dela Cruz,Male,3,BSBA
2023-1113,Roberto,Perez,Male,3,BSCA
2022-1181,Isabella,Aquino,Female,4,BSCE
2023-1114,Joshua,Sarmiento,Male,3,BSEd-Math
2025-1136,Gilbert,Mendoza,Male,1,BSMath
2024-1175,Monica,Salvador,Female,2,BSBA
2024-1176,Therese,Mendoza,Female,2,BSEE
2022-1182,Thomas,Bautista,Male,4,BSCS
2022-1183,Karen,Mercado,Female,4,BSCE
2024-1177,Lourdes,Garcia,Female,2,BSEcE
2025-1137,Maria,Cruz,Female,1,BAHisto
2022-1184,Monica,Santos,Female,4,BSEd-SS
2022-1185,Therese,Castillo,Female,4,BSHM
2022-1186,Gilbert,Salvador,Male,4,BSMath
2023-1115,Lourdes,Dizon,Female,3,BSBio
2023-1116,Therese,Dela Cruz,Female,3,BSChem
2024-1178,Camille,Aquino,Female,2,BSEd-Math
2022-1187,Kenneth,Reyes,Male,4,BSEd-Fil
2024-1179,Antonio,Bautista,Male,2,BSBA
2025-1138,Angela,Guevarra,Female,1,BSEE
2025-1139,Miguel,Sarmiento,Male,1,BSMetE
2022-1188,Vanessa,Santos,Female,4,BSMetE
2025-1140,Kenneth,Reyes,Male,1,BSEd-SS
2023-1117,Gilbert,Aquino,Male,3,BSIS
2023-1118,Angelo,Cruz,Male,3,BSA
2025-1141,John,Villanueva,Male,1,BSEntrep
2024-1180,Clarice,Dizon,Female,2,BSHM
2024-1181,Roberto,Reyes,Male,2,BAELS
2024-1182,James,Aquino,Male,2,BSPhil
2022-1189,Monica,Cruz,Female,4,BSHM
2025-1142,Lourdes,Mendoza,Female,1,BSME
2023-1119,Ana,Torres,Female,3,BSHM
2025-1143,Clarice,Dela Cruz,Female,1,BAPsych
2025-1144,Kenneth,Reyes,Male,1,BSN
2025-1145,Elena,Bautista,Female,1,BAPsych
2025-1146,Mark,Castillo,Male,1,BSMath
2025-1147,Jose,Sarmiento,Male,1,BAHisto
2024-1183,Rochelle,Sarmiento,Female,2,BSEd-Sci
2025-1148,Juan,Cruz,Male,1,BSMetE
2022-1190,James,Guevarra,Male,4,BSE
2024-1184,Robert,Mendoza,Male,2,BSEd-Fil
2024-1185,Maria,Garcia,Female,2,BSCE
2025-1149,Antonio,Torres,Male,1,BEEd
2022-1191,Therese,Dizon,Female,4,BAPS
2023-1120,Mark,Villanueva,Male,3,BASoc
2025-1150,Maria,Flores,Female,1,BSPhys
2023-1121,James,Garcia,Male,3,BSHM
2023-1122,Juan,Torres,Male,3,BSCA
2024-1186,Angelo,Mercado,Male,2,BSEd-Math
2023-1123,Mark,Garcia,Male,3,BSCA
2023-1124,Antonio,Mendoza,Male,3,BSEcE
2024-1187,Elena,Reyes,Female,2,BSEE
2023-1125,Gabriela,Mendoza,Female,3,BSChem
2024-1188,Lourdes,Dela Cruz,Female,2,BSEd-SS
2024-1189,Nicole,Mendoza,Female,2,BSPhil
2023-1126,Vincent,Bautista,Male,3,BSCE
2022-1192,Mark,Dizon,Male,4,BAPsych
2023-1127,Isabella,Flores,Female,3,BSIS
2025-1151,Miguel,Santos,Male,1,BSA
2022-1193,Kenneth,Flores,Male,4,BSPhys
2024-1190,Lourdes,Dela Cruz,Female,2,BSEd-Fil
2023-1128,Patricia,Santos,Female,3,BSN
2024-1191,Roberto,Dela Cruz,Male,2,BSN
2025-1152,John,Dela Cruz,Male,1,BSBA
2025-1153,Roberto,Sarmiento,Male,1,BSEcE
2022-1194,Beatriz,Villanueva,Female,4,BSEcE
2024-1192,Alejandro,Flores,Male,2,BAPsych
2025-1154,Mark,Bautista,Male,1,BSPhys
2025-1155,Carlos,Pascual,Male,1,BSMetE
2023-1129,Camille,Sarmiento,Female,3,BSEE
2023-1130,Lourdes,Ramos,Female,3,BSEcE
2023-1131,Therese,Pascual,Female,3,BSE
2023-1132,Mark,Reyes,Male,3,BSChem
2024-1193,Christine,Sarmiento,Female,2,BALCS
2024-1194,Joshua,Villanueva,Male,2,BAHisto
2024-1195,Rochelle,Guevarra,Female,2,BSBA-BE
2022-1195,Robert,Ramos,Male,4,BSEcE
2024-1196,Lourdes,Perez,Female,2,BSME
2025-1156,Christine,Bautista,Female,1,BSPsych
2024-1197,Joshua,Pascual,Male,2,BSEd-Sci
2023-1133,Isabella,Santos,Female,3,BAPsych
2023-1134,Elena,Garcia,Female,3,BAPS
2024-1198,Roberto,Bautista,Male,2,BSEE
2023-1135,Clarice,Aquino,Female,3,BSPsych
2023-1136,Jose,Perez,Male,3,BSEd-Sci
2024-1199,James,Cruz,Male,2,BSIT
2024-1200,Joshua,Dizon,Male,2,BSEd-SS
2025-1157,Isabella,Sarmiento,Female,1,BSEE
2025-1158,John,Dizon,Male,1,BSPhil
2024-1201,Beatriz,Dela Cruz,Female,2,BSEd-Math
2025-1159,Jose,Mercado,Male,1,BSEE
2024-1202,James,Salvador,Male,2,BALCS
2023-1137,Lance,Garcia,Male,3,BSCA
2025-1160,Vanessa,Mendoza,Female,1,BSEd-SS
2022-1196,James,Ramos,Male,4,BSBA
2022-1197,Sofia,Dizon,Female,4,BSPsych
2024-1203,Gilbert,Aquino,Male,2,BSE
2023-1138,Vincent,Flores,Male,3,BSPhil
2023-1139,Jasmine,Salvador,Female,3,BSIT
2024-1204,Alejandro,Ramos,Male,2,BSE
2025-1161,Kenneth,Aquino,Male,1,BSEd-Math
2024-1205,Lourdes,Villanueva,Female,2,BSME
2022-1198,Ana,Dizon,Female,4,BSEntrep
2023-1140,Jose,Villanueva,Male,3,BSEd-Math
2023-1141,Roberto,Cruz,Male,3,BSBio
2022-1199,Lance,Pascual,Male,4,BSBio
2022-1200,Vincent,Garcia,Male,4,BSCE
2025-1162,Gabriela,Garcia,Female,1,BSN
2023-1142,Karen,Guevarra,Female,3,BSBio
2024-1206,Maria,Castillo,Female,2,BAPS
2023-1143,Thomas,Dizon,Male,3,BAELS
2024-1207,Joshua,Santos,Male,2,BSE
2025-1163,Lance,Ramos,Male,1,BALCS
2024-1208,Ana,Castillo,Female,2,BSEE
2025-1164,Lourdes,Sarmiento,Female,1,BSEcE
2024-1209,Roberto,Dela Cruz,Male,2,BSBA
2024-1210,Mark,Bautista,Male,2,BSES
2023-1144,Lourdes,Dizon,Female,3,BSBA-MM
2022-1201,Vincent,Ramos,Male,4,BSA
2023-1145,Jose,Torres,Male,3,BAHisto
2023-1146,Roberto,Garcia,Male,3,BSCS
2023-1147,Juan,Villanueva,Male,3,BSPhil
2022-1202,Clarice,Garcia,Female,4,BSBA-BE
2025-1165,Lourdes,Mendoza,Female,1,BAPsych
2023-1148,Jasmine,Perez,Female,3,BAHisto
2022-1203,Angela,Mendoza,Female,4,BSEd-Math
2024-1211,Karen,Torres,Female,2,BSEntrep
2023-1149,Miguel,Dizon,Male,3,BSEd-Eng
2024-1212,Gabriela,Castillo,Female,2,BALCS
2023-1150,Therese,Dizon,Female,3,BPEd
2023-1151,Alejandro,Sarmiento,Male,3,BAELS
2022-1204,Carlos,Cruz,Male,4,BSBA-BE
2023-1152,Nicole,Torres,Female,3,BAPS
2024-1213,Patricia,Dela Cruz,Female,2,BSCS
2024-1214,Christine,Castillo,Female,2,BEEd
2023-1153,Vanessa,Dizon,Female,3,BSMath
2025-1166,Miguel,Bautista,Male,1,BALCS
2025-1167,Rochelle,Perez,Female,1,BAELS
2022-1205,Carlos,Flores,Male,4,BSEd-Fil
2025-1168,Isabella,Guevarra,Female,1,BSN
2022-1206,James,Guevarra,Male,4,BSEd-Sci
2023-1154,Monica,Reyes,Female,3,BSCS
2022-1207,Lourdes,Dizon,Female,4,BSMath
2025-1169,Alejandro,Pascual,Male,1,BSIT
2023-1155,Isabella,Dela Cruz,Female,3,BASoc
2025-1170,Jasmine,Guevarra,Female,1,BSME
2023-1156,Clarice,Villanueva,Female,3,BSBA
2022-1208,Sofia,Santos,Female,4,BSBA-MM
2023-1157,Kenneth,Santos,Male,3,BSCS
2025-1171,Josh,Mendoza,Male,1,BSIT
2023-1158,Vincent,Aquino,Male,3,BSEntrep
2025-1172,Robert,Mercado,Male,1,BAPsych
2025-1173,Thomas,Dizon,Male,1,BSEcE
2025-1174,Lourdes,Cruz,Female,1,BSEcE
2022-1209,Clarice,Mendoza,Female,4,BSN
2024-1215,Alejandro,Ramos,Male,2,BSEd-Sci
2024-1216,Nicole,Flores,Female,2,BSBio
2024-1217,Joshua,Garcia,Male,2,BSME
2023-1159,Christine,Guevarra,Female,3,BSME
2024-1218,Rochelle,Salvador,Female,2,BSCA
2025-1175,Clarice,Pascual,Female,1,BSME
2022-1210,Vincent,Salvador,Male,4,BSE
2023-1160,Roberto,Villanueva,Male,3,BSME
2022-1211,Ana,Salvador,Female,4,BSPhil
2023-1161,Camille,Salvador,Female,3,BSES
2025-1176,Angela,Mendoza,Female,1,BAPS
2024-1219,Vincent,Reyes,Male,2,BSCS
2023-1162,Roberto,Flores,Male,3,BSPsych
2024-1220,Thomas,Mercado,Male,2,BSEntrep
2025-1177,Antonio,Torres,Male,1,BSEd-SS
2025-1178,Ana,Aquino,Female,1,BSCS
2024-1221,Lourdes,Aquino,Female,2,BSEE
2022-1212,James,Santos,Male,4,BSA
2024-1222,Therese,Flores,Female,2,BSBio
2025-1179,Elena,Santos,Female,1,BALCS
2024-1223,Therese,Dela Cruz,Female,2,BSEd-Math
2023-1163,Mark,Flores,Male,3,BSEd-Eng
2022-1213,Nicole,Torres,Female,4,BSEntrep
2022-1214,Lourdes,Castillo,Female,4,BSMath
2022-1215,Kenneth,Dela Cruz,Male,4,BAELS
2022-1216,Josh,Dela Cruz,Male,4,BPEd
2024-1224,Jasmine,Cruz,Female,2,BSEcE
2023-1164,Thomas,Ramos,Male,3,BAPS
2023-1165,Isabella,Dizon,Female,3,BSEcE
2023-1166,Kenneth,Dizon,Male,3,BSCS
2023-1167,Angela,Ramos,Female,3,BSEd-Math
2024-1225,Elena,Bautista,Female,2,BSCA
2022-1217,Gabriela,Guevarra,Female,4,BSHM
2024-1226,Angelo,Villanueva,Male,2,BSIT
2023-1168,Lourdes,Guevarra,Female,3,BAPsych
2024-1227,Gilbert,Sarmiento,Male,2,BSA
2023-1169,Roberto,Dizon,Male,3,BSA
2022-1218,Robert,Ramos,Male,4,BAPS
2022-1219,Antonio,Santos,Male,4,BAELS
2024-1228,Joshua,Ramos,Male,2,BSA
2022-1220,Carlos,Santos,Male,4,BSCS
2024-1229,Karen,Torres,Female,2,BSES
2022-1221,John,Dizon,Male,4,BAELS
2024-1230,John,Aquino,Male,2,BSME
2024-1231,Mark,Reyes,Male,2,BSMetE
2024-1232,Alejandro,Garcia,Male,2,BSHM
2025-1180,Roberto,Cruz,Male,1,BSEd-Fil
2024-1233,Thomas,Dizon,Male,2,BSMetE
2022-1222,Monica,Reyes,Female,4,BSEd-SS
2022-1223,James,Torres,Male,4,BSBio
2022-1224,Jasmine,Mendoza,Female,4,BEEd
2022-1225,James,Villanueva,Male,4,BSME
2023-1170,Jasmine,Cruz,Female,3,BSE
2023-1171,Jasmine,Santos,Female,3,BSBA-BE
2023-1172,Therese,Bautista,Female,3,BSIS
2024-1234,Therese,Mendoza,Female,2,BSEntrep
2022-1226,Vanessa,Torres,Female,4,BSEE
2022-1227,James,Bautista,Male,4,BAELS
2024-1235,Beatriz,Dizon,Female,2,BSBio
2022-1228,Kenneth,Pascual,Male,4,BSEd-Fil
2024-1236,Jose,Reyes,Male,2,BSIS
2024-1237,John,Flores,Male,2,BEEd
2022-1229,Maria,Sarmiento,Female,4,BSME
2022-1230,Vanessa,Mendoza,Female,4,BSEntrep
2025-1181,James,Garcia,Male,1,BSCE
2022-1231,Therese,Reyes,Female,4,BSChem
2025-1182,Carlos,Sarmiento,Male,1,BSMetE
2023-1173,Vincent,Ramos,Male,3,BSEd-Fil
2022-1232,Jose,Castillo,Male,4,BPEd
2025-1183,Maria,Garcia,Female,1,BSA
2024-1238,Thomas,Aquino,Male,2,BAHisto
2025-1184,Isabella,Castillo,Female,1,BSIT
2024-1239,Beatriz,Cruz,Female,2,BEEd
2022-1233,Thomas,Bautista,Male,4,BSME
2025-1185,Maria,Dizon,Female,1,BSMath
2025-1186,Sofia,Garcia,Female,1,BSEcE
2022-1234,Elena,Sarmiento,Female,4,BSPhil
2024-1240,Antonio,Perez,Male,2,BSEd-SS
2022-1235,Gabriela,Perez,Female,4,BSBA-MM
2023-1174,Gilbert,Cruz,Male,3,BSCA
2025-1187,Monica,Mercado,Female,1,BSEd-Eng
2024-1241,Gabriela,Dela Cruz,Female,2,BALCS
2024-1242,Therese,Castillo,Female,2,BSCA
2024-1243,Angelo,Reyes,Male,2,BSEd-Fil
2024-1244,Camille,Mercado,Female,2,BSCA
2022-1236,Roberto,Dizon,Male,4,BSHM
2025-1188,Maria,Sarmiento,Female,1,BSEntrep
2023-1175,Gabriela,Castillo,Female,3,BAELS
2024-1245,Gilbert,Dela Cruz,Male,2,BALCS
2025-1189,Joshua,Flores,Male,1,BSIT
2024-1246,Alejandro,Ramos,Male,2,BSEd-Sci
2025-1190,Vanessa,Villanueva,Female,1,BSChem
2024-1247,Clarice,Dela Cruz,Female,2,BSA
2024-1248,Vincent,Guevarra,Male,2,BSPhys
2024-1249,Sofia,Cruz,Female,2,BSHM
2025-1191,Gabriela,Pascual,Female,1,BSES
2025-1192,James,Dela Cruz,Male,1,BSEcE
2025-1193,Beatriz,Garcia,Female,1,BASoc
2024-1250,Miguel,Santos,Male,2,BSBA-BE
2024-1251,Mark,Cruz,Male,2,BAHisto
2025-1194,Isabella,Dela Cruz,Female,1,BSBA
2025-1195,James,Dela Cruz,Male,1,BSCS
2024-1252,Rochelle,Aquino,Female,2,BEEd
2023-1176,Alejandro,Bautista,Male,3,BSBA
2023-1177,Juan,Flores,Male,3,BSEd-Sci
2023-1178,Karen,Dizon,Female,3,BASoc
2024-1253,Miguel,Torres,Male,2,BSBA
2022-1237,Vanessa,Ramos,Female,4,BSBA-BE
2024-1254,Angela,Dela Cruz,Female,2,BALCS
2024-1255,Angela,Cruz,Female,2,BSBA-BE
2024-1256,Jasmine,Villanueva,Female,2,BSPhil
2025-1196,Gabriela,Guevarra,Female,1,BSEd-Fil
2023-1179,Karen,Santos,Female,3,BSMath
2024-1257,Lourdes,Villanueva,Female,2,BSPhil
2022-1238,Gabriela,Dela Cruz,Female,4,BAHisto
2025-1197,Isabella,Ramos,Female,1,BSHM
2023-1180,Patricia,Dela Cruz,Female,3,BSBA-MM
2022-1239,John,Ramos,Male,4,BSA
2025-1198,Angela,Salvador,Female,1,BAELS
2025-1199,Christine,Mendoza,Female,1,BAPS
2023-1181,Therese,Santos,Female,3,BSPhys
2025-1200,James,Mercado,Male,1,BSChem
2023-1182,Angela,Guevarra,Female,3,BSChem
2025-1201,Miguel,Torres,Male,1,BAPS
2023-1183,Therese,Pascual,Female,3,BSEcE
2025-1202,James,Cruz,Male,1,BAPsych
2024-1258,John,Mercado,Male,2,BSE
2023-1184,Camille,Cruz,Female,3,BSPsych
2024-1259,Vanessa,Salvador,Female,2,BSPhys
2023-1185,Monica,Flores,Female,3,BAELS
2024-1260,Robert,Cruz,Male,2,BSCA
2025-1203,Vincent,Perez,Male,1,BSIT
2022-1240,Karen,Garcia,Female,4,BSEd-Fil
2023-1186,James,Perez,Male,3,BSPsych
2025-1204,James,Pascual,Male,1,BSEd-Eng
2023-1187,Monica,Bautista,Female,3,BAHisto
2022-1241,Mark,Mendoza,Male,4,BPEd
2024-1261,Joshua,Reyes,Male,2,BPEd
2025-1205,Patricia,Dela Cruz,Female,1,BSEd-Eng
2025-1206,Gabriela,Aquino,Female,1,BSEcE
2023-1188,Carlos,Perez,Male,3,BSBA
2023-1189,Monica,Flores,Female,3,BSMetE
2023-1190,Lourdes,Dizon,Female,3,BSEd-Eng
2023-1191,Beatriz,Castillo,Female,3,BAELS
2023-1192,Roberto,Flores,Male,3,BSCA
2022-1242,Maria,Guevarra,Female,4,BSBA-MM
2025-1207,Kenneth,Cruz,Male,1,BSBA-BE
2022-1243,James,Reyes,Male,4,BSN
2024-1262,Clarice,Garcia,Female,2,BASoc
2024-1263,Joshua,Perez,Male,2,BSBA-BE
2023-1193,Therese,Dizon,Female,3,BSIT
2024-1264,Lance,Ramos,Male,2,BSBA-BE
2023-1194,Vanessa,Salvador,Female,3,BSBA-MM
2023-1195,James,Guevarra,Male,3,BSEd-Fil
2023-1196,Gabriela,Garcia,Female,3,BSPsych
2023-1197,Rochelle,Cruz,Female,3,BSBA-BE
2023-1198,Roberto,Cruz,Male,3,BSCA
2024-1265,Jose,Aquino,Male,2,BEEd
2024-1266,Monica,Dizon,Female,2,BSA
2024-1267,Robert,Perez,Male,2,BSHM
2022-1244,Vincent,Castillo,Male,4,BSME
2025-1208,Christine,Mercado,Female,1,BSCS
2022-1245,Alejandro,Dizon,Male,4,BASoc
2025-1209,Christine,Dela Cruz,Female,1,BASoc
2023-1199,Nicole,Torres,Female,3,BSCE
2025-1210,Elena,Mendoza,Female,1,BSES
2023-1200,Juan,Santos,Male,3,BASoc
2025-1211,Lance,Torres,Male,1,BSEd-Eng
2022-1246,Angela,Perez,Female,4,BSIS
2024-1268,Gilbert,Dizon,Male,2,BSEd-SS
2024-1269,Vincent,Bautista,Male,2,BSEd-Fil
2025-1212,Juan,Mercado,Male,1,BSPhil
2022-1247,Alejandro,Sarmiento,Male,4,BSMetE
2022-1248,Angelo,Santos,Male,4,BSBio
2024-1270,James,Sarmiento,Male,2,BSBA
2022-1249,Ana,Sarmiento,Female,4,BSCS
2023-1201,Roberto,Dela Cruz,Male,3,BSPhil
2025-1213,Thomas,Salvador,Male,1,BSEcE
2024-1271,Therese,Dizon,Female,2,BSBA
2024-1272,Angelo,Dela Cruz,Male,2,BSPsych
2023-1202,Juan,Pascual,Male,3,BASoc
2022-1250,Angela,Aquino,Female,4,BAELS
2023-1203,Patricia,Torres,Female,3,BSHM
2024-1273,Monica,Salvador,Female,2,BSIT
2022-1251,Miguel,Santos,Male,4,BSHM
2025-1214,Christine,Mendoza,Female,1,BSEd-Fil
2025-1215,James,Flores,Male,1,BSCE
2023-1204,James,Castillo,Male,3,BALCS
2023-1205,Angelo,Sarmiento,Male,3,BSEE
2022-1252,Christine,Ramos,Female,4,BALCS
2025-1216,Carlos,Ramos,Male,1,BSMath
2024-1274,Roberto,Villanueva,Male,2,BSN
2024-1275,Ana,Salvador,Female,2,BSEd-Fil
2025-1217,Josh,Dela Cruz,Male,1,BSEd-SS
2023-1206,Sofia,Dizon,Female,3,BSES
2022-1253,Lourdes,Santos,Female,4,BSEntrep
2022-1254,Vincent,Castillo,Male,4,BSPsych
2025-1218,Rochelle,Castillo,Female,1,BSE
2022-1255,Alejandro,Perez,Male,4,BEEd
2025-1219,John,Santos,Male,1,BSCA
2024-1276,Lourdes,Dela Cruz,Female,2,BSA
2022-1256,Beatriz,Santos,Female,4,BSBio
2023-1207,Patricia,Pascual,Female,3,BSIT
2024-1277,Alejandro,Torres,Male,2,BASoc
2022-1257,Robert,Sarmiento,Male,4,BSN
2025-1220,Camille,Dela Cruz,Female,1,BSEE
2025-1221,Gabriela,Mendoza,Female,1,BALCS
2024-1278,Juan,Castillo,Male,2,BSE
2022-1258,Vincent,Guevarra,Male,4,BSME
2022-1259,Vincent,Mendoza,Male,4,BSMetE
2022-1260,James,Dela Cruz,Male,4,BSPhil
2023-1208,Ana,Ramos,Female,3,BSCE
2022-1261,Christine,Torres,Female,4,BSA
2023-1209,Lourdes,Garcia,Female,3,BSEE
2023-1210,Isabella,Reyes,Female,3,BAHisto
2024-1279,Juan,Dela Cruz,Male,2,BSEE
2023-1211,Patricia,Salvador,Female,3,BSBio
2025-1222,Beatriz,Dela Cruz,Female,1,BSES
2025-1223,Rochelle,Perez,Female,1,BSCS
2024-1280,Roberto,Garcia,Male,2,BSEcE
2023-1212,Jasmine,Reyes,Female,3,BSEE
2024-1281,Mark,Ramos,Male,2,BSHM
2025-1224,Roberto,Reyes,Male,1,BSA
2025-1225,James,Dela Cruz,Male,1,BSME
2022-1262,Joshua,Castillo,Male,4,BSEcE
2023-1213,Gabriela,Bautista,Female,3,BSEcE
2024-1282,Angelo,Aquino,Male,2,BAPsych
2024-1283,Vincent,Flores,Male,2,BASoc
2023-1214,Thomas,Pascual,Male,3,BSChem
2025-1226,Elena,Guevarra,Female,1,BSEd-Eng
2024-1284,Robert,Dizon,Male,2,BSEcE
2025-1227,Lourdes,Dizon,Female,1,BSBio
2022-1263,Lance,Cruz,Male,4,BSEcE
2024-1285,Christine,Ramos,Female,2,BSN
2024-1286,Therese,Aquino,Female,2,BSEd-SS
2024-1287,Rochelle,Dela Cruz,Female,2,BSEd-Eng
2023-1215,Therese,Garcia,Female,3,BSEcE
2022-1264,Joshua,Pascual,Male,4,BPEd
2023-1216,John,Ramos,Male,3,BSBA-BE
2023-1217,Miguel,Aquino,Male,3,BSBA
2023-1218,Mark,Mercado,Male,3,BAHisto
2024-1288,Roberto,Guevarra,Male,2,BAHisto
2024-1289,Lance,Aquino,Male,2,BSES
2022-1265,Clarice,Pascual,Female,4,BSEd-Fil
2023-1219,Vincent,Pascual,Male,3,BSMath
